file,line,type,commit,author,date,time,timezone,datetime,depth,length
style.css,1,css,9d7280b8,BaixiGuo,2025-10-10,11:58:33,-07:00,2025-10-10T11:58:33-07:00,0,17
style.css,2,css,9d7280b8,BaixiGuo,2025-10-10,11:58:33,-07:00,2025-10-10T11:58:33-07:00,0,5
style.css,3,css,a391b8ab,BaixiGuo,2025-10-17,11:14:07,-07:00,2025-10-17T11:14:07-07:00,2,20
style.css,4,css,a391b8ab,BaixiGuo,2025-10-17,11:14:07,-07:00,2025-10-17T11:14:07-07:00,2,24
style.css,5,css,a391b8ab,BaixiGuo,2025-10-17,11:14:07,-07:00,2025-10-17T11:14:07-07:00,2,19
style.css,6,css,a391b8ab,BaixiGuo,2025-10-17,11:14:07,-07:00,2025-10-17T11:14:07-07:00,2,23
style.css,7,css,9d7280b8,BaixiGuo,2025-10-10,11:58:33,-07:00,2025-10-10T11:58:33-07:00,0,0
style.css,8,css,9d7280b8,BaixiGuo,2025-10-10,11:58:33,-07:00,2025-10-10T11:58:33-07:00,0,0
style.css,9,css,a391b8ab,BaixiGuo,2025-10-17,11:14:07,-07:00,2025-10-17T11:14:07-07:00,0,4
style.css,10,css,a391b8ab,BaixiGuo,2025-10-17,11:14:07,-07:00,2025-10-17T11:14:07-07:00,2,16
style.css,11,css,a391b8ab,BaixiGuo,2025-10-17,11:14:07,-07:00,2025-10-17T11:14:07-07:00,2,23
style.css,12,css,a391b8ab,BaixiGuo,2025-10-17,11:14:07,-07:00,2025-10-17T11:14:07-07:00,2,20
style.css,13,css,a391b8ab,BaixiGuo,2025-10-17,11:14:07,-07:00,2025-10-17T11:14:07-07:00,2,17
style.css,14,css,a391b8ab,BaixiGuo,2025-10-17,11:14:07,-07:00,2025-10-17T11:14:07-07:00,2,18
style.css,15,css,7c2cf473,BaixiGuo,2025-10-30,00:47:21,-07:00,2025-10-30T00:47:21-07:00,2,16
style.css,16,css,a391b8ab,BaixiGuo,2025-10-17,11:14:07,-07:00,2025-10-17T11:14:07-07:00,2,17
style.css,17,css,9d7280b8,BaixiGuo,2025-10-10,11:58:33,-07:00,2025-10-10T11:58:33-07:00,0,0
style.css,18,css,9d7280b8,BaixiGuo,2025-10-10,11:58:33,-07:00,2025-10-10T11:58:33-07:00,0,0
style.css,19,css,9d7280b8,BaixiGuo,2025-10-10,11:58:33,-07:00,2025-10-10T11:58:33-07:00,0,3
style.css,20,css,a391b8ab,BaixiGuo,2025-10-17,11:14:07,-07:00,2025-10-17T11:14:07-07:00,2,20
style.css,21,css,a391b8ab,BaixiGuo,2025-10-17,11:14:07,-07:00,2025-10-17T11:14:07-07:00,2,11
style.css,22,css,9d7280b8,BaixiGuo,2025-10-10,11:58:33,-07:00,2025-10-10T11:58:33-07:00,0,0
style.css,23,css,9d7280b8,BaixiGuo,2025-10-10,11:58:33,-07:00,2025-10-10T11:58:33-07:00,0,0
style.css,24,css,9d7280b8,BaixiGuo,2025-10-10,11:58:33,-07:00,2025-10-10T11:58:33-07:00,0,18
style.css,25,css,a391b8ab,BaixiGuo,2025-10-17,11:14:07,-07:00,2025-10-17T11:14:07-07:00,2,15
style.css,26,css,a391b8ab,BaixiGuo,2025-10-17,11:14:07,-07:00,2025-10-17T11:14:07-07:00,2,12
style.css,27,css,a391b8ab,BaixiGuo,2025-10-17,11:14:07,-07:00,2025-10-17T11:14:07-07:00,2,18
style.css,28,css,a391b8ab,BaixiGuo,2025-10-17,11:14:07,-07:00,2025-10-17T11:14:07-07:00,2,14
style.css,29,css,a391b8ab,BaixiGuo,2025-10-17,11:14:07,-07:00,2025-10-17T11:14:07-07:00,2,29
style.css,30,css,a391b8ab,BaixiGuo,2025-10-17,11:14:07,-07:00,2025-10-17T11:14:07-07:00,2,24
style.css,31,css,a391b8ab,BaixiGuo,2025-10-17,11:14:07,-07:00,2025-10-17T11:14:07-07:00,2,20
style.css,32,css,a391b8ab,BaixiGuo,2025-10-17,11:14:07,-07:00,2025-10-17T11:14:07-07:00,2,20
style.css,33,css,a391b8ab,BaixiGuo,2025-10-17,11:14:07,-07:00,2025-10-17T11:14:07-07:00,2,25
style.css,34,css,a391b8ab,BaixiGuo,2025-10-17,11:14:07,-07:00,2025-10-17T11:14:07-07:00,2,25
style.css,35,css,a391b8ab,BaixiGuo,2025-10-17,11:14:07,-07:00,2025-10-17T11:14:07-07:00,2,42
style.css,36,css,9d7280b8,BaixiGuo,2025-10-10,11:58:33,-07:00,2025-10-10T11:58:33-07:00,0,0
style.css,37,css,9d7280b8,BaixiGuo,2025-10-10,11:58:33,-07:00,2025-10-10T11:58:33-07:00,0,0
style.css,38,css,9d7280b8,BaixiGuo,2025-10-10,11:58:33,-07:00,2025-10-10T11:58:33-07:00,0,1
style.css,39,css,a391b8ab,BaixiGuo,2025-10-17,11:14:07,-07:00,2025-10-17T11:14:07-07:00,2,10
style.css,40,css,a391b8ab,BaixiGuo,2025-10-17,11:14:07,-07:00,2025-10-17T11:14:07-07:00,2,11
style.css,41,css,a391b8ab,BaixiGuo,2025-10-17,11:14:07,-07:00,2025-10-17T11:14:07-07:00,2,16
style.css,42,css,a391b8ab,BaixiGuo,2025-10-17,11:14:07,-07:00,2025-10-17T11:14:07-07:00,2,20
style.css,43,css,a391b8ab,BaixiGuo,2025-10-17,11:14:07,-07:00,2025-10-17T11:14:07-07:00,2,17
style.css,44,css,a391b8ab,BaixiGuo,2025-10-17,11:14:07,-07:00,2025-10-17T11:14:07-07:00,2,13
style.css,45,css,a391b8ab,BaixiGuo,2025-10-17,11:14:07,-07:00,2025-10-17T11:14:07-07:00,2,20
style.css,46,css,a391b8ab,BaixiGuo,2025-10-17,11:14:07,-07:00,2025-10-17T11:14:07-07:00,2,20
style.css,47,css,39574574,BaixiGuo,2025-09-30,22:25:01,-07:00,2025-09-30T22:25:01-07:00,0,0
style.css,48,css,39574574,BaixiGuo,2025-09-30,22:25:01,-07:00,2025-09-30T22:25:01-07:00,0,0
style.css,49,css,9d7280b8,BaixiGuo,2025-10-10,11:58:33,-07:00,2025-10-10T11:58:33-07:00,0,7
style.css,50,css,a391b8ab,BaixiGuo,2025-10-17,11:14:07,-07:00,2025-10-17T11:14:07-07:00,2,20
style.css,51,css,a391b8ab,BaixiGuo,2025-10-17,11:14:07,-07:00,2025-10-17T11:14:07-07:00,2,25
style.css,52,css,a391b8ab,BaixiGuo,2025-10-17,11:14:07,-07:00,2025-10-17T11:14:07-07:00,2,25
style.css,53,css,a391b8ab,BaixiGuo,2025-10-17,11:14:07,-07:00,2025-10-17T11:14:07-07:00,2,39
style.css,54,css,9d7280b8,BaixiGuo,2025-10-10,11:58:33,-07:00,2025-10-10T11:58:33-07:00,0,0
style.css,55,css,9d7280b8,BaixiGuo,2025-10-10,11:58:33,-07:00,2025-10-10T11:58:33-07:00,0,0
style.css,56,css,9d7280b8,BaixiGuo,2025-10-10,11:58:33,-07:00,2025-10-10T11:58:33-07:00,0,9
style.css,57,css,a391b8ab,BaixiGuo,2025-10-17,11:14:07,-07:00,2025-10-17T11:14:07-07:00,2,20
style.css,58,css,a391b8ab,BaixiGuo,2025-10-17,11:14:07,-07:00,2025-10-17T11:14:07-07:00,2,25
style.css,59,css,a391b8ab,BaixiGuo,2025-10-17,11:14:07,-07:00,2025-10-17T11:14:07-07:00,2,25
style.css,60,css,a391b8ab,BaixiGuo,2025-10-17,11:14:07,-07:00,2025-10-17T11:14:07-07:00,2,42
style.css,61,css,a391b8ab,BaixiGuo,2025-10-17,11:14:07,-07:00,2025-10-17T11:14:07-07:00,0,0
style.css,62,css,a391b8ab,BaixiGuo,2025-10-17,11:14:07,-07:00,2025-10-17T11:14:07-07:00,0,0
style.css,63,css,a391b8ab,BaixiGuo,2025-10-17,11:14:07,-07:00,2025-10-17T11:14:07-07:00,0,18
style.css,64,css,a391b8ab,BaixiGuo,2025-10-17,11:14:07,-07:00,2025-10-17T11:14:07-07:00,2,17
style.css,65,css,a391b8ab,BaixiGuo,2025-10-17,11:14:07,-07:00,2025-10-17T11:14:07-07:00,2,7
style.css,66,css,a391b8ab,BaixiGuo,2025-10-17,11:14:07,-07:00,2025-10-17T11:14:07-07:00,2,9
style.css,67,css,a391b8ab,BaixiGuo,2025-10-17,11:14:07,-07:00,2025-10-17T11:14:07-07:00,0,0
style.css,68,css,a391b8ab,BaixiGuo,2025-10-17,11:14:07,-07:00,2025-10-17T11:14:07-07:00,0,0
style.css,69,css,a391b8ab,BaixiGuo,2025-10-17,11:14:07,-07:00,2025-10-17T11:14:07-07:00,0,14
style.css,70,css,a391b8ab,BaixiGuo,2025-10-17,11:14:07,-07:00,2025-10-17T11:14:07-07:00,2,17
style.css,71,css,a391b8ab,BaixiGuo,2025-10-17,11:14:07,-07:00,2025-10-17T11:14:07-07:00,2,12
style.css,72,css,9d7280b8,BaixiGuo,2025-10-10,11:58:33,-07:00,2025-10-10T11:58:33-07:00,0,0
style.css,73,css,9d7280b8,BaixiGuo,2025-10-10,11:58:33,-07:00,2025-10-10T11:58:33-07:00,0,77
style.css,74,css,9d7280b8,BaixiGuo,2025-10-10,11:58:33,-07:00,2025-10-10T11:58:33-07:00,0,0
style.css,75,css,9d7280b8,BaixiGuo,2025-10-10,11:58:33,-07:00,2025-10-10T11:58:33-07:00,0,17
style.css,76,css,39574574,BaixiGuo,2025-09-30,22:25:01,-07:00,2025-09-30T22:25:01-07:00,0,3
style.css,77,css,a391b8ab,BaixiGuo,2025-10-17,11:14:07,-07:00,2025-10-17T11:14:07-07:00,2,20
style.css,78,css,a391b8ab,BaixiGuo,2025-10-17,11:14:07,-07:00,2025-10-17T11:14:07-07:00,2,15
style.css,79,css,a391b8ab,BaixiGuo,2025-10-17,11:14:07,-07:00,2025-10-17T11:14:07-07:00,2,16
style.css,80,css,9d7280b8,BaixiGuo,2025-10-10,11:58:33,-07:00,2025-10-10T11:58:33-07:00,0,0
style.css,81,css,2e572ad9,BaixiGuo,2025-10-24,15:46:42,-07:00,2025-10-24T15:46:42-07:00,0,0
style.css,82,css,2e572ad9,BaixiGuo,2025-10-24,15:46:42,-07:00,2025-10-24T15:46:42-07:00,0,18
style.css,83,css,2e572ad9,BaixiGuo,2025-10-24,15:46:42,-07:00,2025-10-24T15:46:42-07:00,2,15
style.css,84,css,2e572ad9,BaixiGuo,2025-10-24,15:46:42,-07:00,2025-10-24T15:46:42-07:00,2,12
style.css,85,css,2e572ad9,BaixiGuo,2025-10-24,15:46:42,-07:00,2025-10-24T15:46:42-07:00,2,18
style.css,86,css,2e572ad9,BaixiGuo,2025-10-24,15:46:42,-07:00,2025-10-24T15:46:42-07:00,2,14
style.css,87,css,2e572ad9,BaixiGuo,2025-10-24,15:46:42,-07:00,2025-10-24T15:46:42-07:00,2,29
style.css,88,css,2e572ad9,BaixiGuo,2025-10-24,15:46:42,-07:00,2025-10-24T15:46:42-07:00,2,24
style.css,89,css,2e572ad9,BaixiGuo,2025-10-24,15:46:42,-07:00,2025-10-24T15:46:42-07:00,0,0
style.css,90,css,9d7280b8,BaixiGuo,2025-10-10,11:58:33,-07:00,2025-10-10T11:58:33-07:00,0,77
style.css,91,css,9d7280b8,BaixiGuo,2025-10-10,11:58:33,-07:00,2025-10-10T11:58:33-07:00,0,0
style.css,92,css,a391b8ab,BaixiGuo,2025-10-17,11:14:07,-07:00,2025-10-17T11:14:07-07:00,0,29
style.css,93,css,9d7280b8,BaixiGuo,2025-10-10,11:58:33,-07:00,2025-10-10T11:58:33-07:00,0,12
style.css,94,css,a391b8ab,BaixiGuo,2025-10-17,11:14:07,-07:00,2025-10-17T11:14:07-07:00,2,55
style.css,95,css,39574574,BaixiGuo,2025-09-30,22:25:01,-07:00,2025-09-30T22:25:01-07:00,0,0
style.css,96,css,39574574,BaixiGuo,2025-09-30,22:25:01,-07:00,2025-09-30T22:25:01-07:00,0,0
style.css,97,css,39574574,BaixiGuo,2025-09-30,22:25:01,-07:00,2025-09-30T22:25:01-07:00,0,6
style.css,98,css,a391b8ab,BaixiGuo,2025-10-17,11:14:07,-07:00,2025-10-17T11:14:07-07:00,2,20
style.css,99,css,a391b8ab,BaixiGuo,2025-10-17,11:14:07,-07:00,2025-10-17T11:14:07-07:00,2,11
style.css,100,css,a391b8ab,BaixiGuo,2025-10-17,11:14:07,-07:00,2025-10-17T11:14:07-07:00,2,13
style.css,101,css,9d7280b8,BaixiGuo,2025-10-10,11:58:33,-07:00,2025-10-10T11:58:33-07:00,0,0
style.css,102,css,9d7280b8,BaixiGuo,2025-10-10,11:58:33,-07:00,2025-10-10T11:58:33-07:00,0,77
style.css,103,css,9d7280b8,BaixiGuo,2025-10-10,11:58:33,-07:00,2025-10-10T11:58:33-07:00,0,0
style.css,104,css,9d7280b8,BaixiGuo,2025-10-10,11:58:33,-07:00,2025-10-10T11:58:33-07:00,0,20
style.css,105,css,9d7280b8,BaixiGuo,2025-10-10,11:58:33,-07:00,2025-10-10T11:58:33-07:00,0,4
style.css,106,css,a391b8ab,BaixiGuo,2025-10-17,11:14:07,-07:00,2025-10-17T11:14:07-07:00,2,20
style.css,107,css,a391b8ab,BaixiGuo,2025-10-17,11:14:07,-07:00,2025-10-17T11:14:07-07:00,2,11
style.css,108,css,a391b8ab,BaixiGuo,2025-10-17,11:14:07,-07:00,2025-10-17T11:14:07-07:00,2,15
style.css,109,css,a391b8ab,BaixiGuo,2025-10-17,11:14:07,-07:00,2025-10-17T11:14:07-07:00,2,12
style.css,110,css,a391b8ab,BaixiGuo,2025-10-17,11:14:07,-07:00,2025-10-17T11:14:07-07:00,2,30
style.css,111,css,a391b8ab,BaixiGuo,2025-10-17,11:14:07,-07:00,2025-10-17T11:14:07-07:00,2,30
style.css,112,css,a391b8ab,BaixiGuo,2025-10-17,11:14:07,-07:00,2025-10-17T11:14:07-07:00,2,18
style.css,113,css,a391b8ab,BaixiGuo,2025-10-17,11:14:07,-07:00,2025-10-17T11:14:07-07:00,2,15
style.css,114,css,a391b8ab,BaixiGuo,2025-10-17,11:14:07,-07:00,2025-10-17T11:14:07-07:00,2,12
style.css,115,css,9d7280b8,BaixiGuo,2025-10-10,11:58:33,-07:00,2025-10-10T11:58:33-07:00,0,0
style.css,116,css,9d7280b8,BaixiGuo,2025-10-10,11:58:33,-07:00,2025-10-10T11:58:33-07:00,0,0
style.css,117,css,9d7280b8,BaixiGuo,2025-10-10,11:58:33,-07:00,2025-10-10T11:58:33-07:00,0,13
style.css,118,css,a391b8ab,BaixiGuo,2025-10-17,11:14:07,-07:00,2025-10-17T11:14:07-07:00,2,16
style.css,119,css,a391b8ab,BaixiGuo,2025-10-17,11:14:07,-07:00,2025-10-17T11:14:07-07:00,2,16
style.css,120,css,9d7280b8,BaixiGuo,2025-10-10,11:58:33,-07:00,2025-10-10T11:58:33-07:00,0,0
style.css,121,css,9d7280b8,BaixiGuo,2025-10-10,11:58:33,-07:00,2025-10-10T11:58:33-07:00,0,0
style.css,122,css,9d7280b8,BaixiGuo,2025-10-10,11:58:33,-07:00,2025-10-10T11:58:33-07:00,0,15
style.css,123,css,a391b8ab,BaixiGuo,2025-10-17,11:14:07,-07:00,2025-10-17T11:14:07-07:00,2,18
style.css,124,css,a391b8ab,BaixiGuo,2025-10-17,11:14:07,-07:00,2025-10-17T11:14:07-07:00,2,19
style.css,125,css,9d7280b8,BaixiGuo,2025-10-10,11:58:33,-07:00,2025-10-10T11:58:33-07:00,0,0
style.css,126,css,9d7280b8,BaixiGuo,2025-10-10,11:58:33,-07:00,2025-10-10T11:58:33-07:00,0,0
style.css,127,css,9d7280b8,BaixiGuo,2025-10-10,11:58:33,-07:00,2025-10-10T11:58:33-07:00,0,10
style.css,128,css,9d7280b8,BaixiGuo,2025-10-10,11:58:33,-07:00,2025-10-10T11:58:33-07:00,0,14
style.css,129,css,a391b8ab,BaixiGuo,2025-10-17,11:14:07,-07:00,2025-10-17T11:14:07-07:00,2,19
style.css,130,css,a391b8ab,BaixiGuo,2025-10-17,11:14:07,-07:00,2025-10-17T11:14:07-07:00,2,17
style.css,131,css,a391b8ab,BaixiGuo,2025-10-17,11:14:07,-07:00,2025-10-17T11:14:07-07:00,2,33
style.css,132,css,a391b8ab,BaixiGuo,2025-10-17,11:14:07,-07:00,2025-10-17T11:14:07-07:00,2,18
style.css,133,css,9d7280b8,BaixiGuo,2025-10-10,11:58:33,-07:00,2025-10-10T11:58:33-07:00,0,0
style.css,134,css,9d7280b8,BaixiGuo,2025-10-10,11:58:33,-07:00,2025-10-10T11:58:33-07:00,0,0
style.css,135,css,9d7280b8,BaixiGuo,2025-10-10,11:58:33,-07:00,2025-10-10T11:58:33-07:00,0,6
style.css,136,css,a391b8ab,BaixiGuo,2025-10-17,11:14:07,-07:00,2025-10-17T11:14:07-07:00,2,15
style.css,137,css,a391b8ab,BaixiGuo,2025-10-17,11:14:07,-07:00,2025-10-17T11:14:07-07:00,2,22
style.css,138,css,a391b8ab,BaixiGuo,2025-10-17,11:14:07,-07:00,2025-10-17T11:14:07-07:00,2,19
style.css,139,css,a391b8ab,BaixiGuo,2025-10-17,11:14:07,-07:00,2025-10-17T11:14:07-07:00,2,16
style.css,140,css,a391b8ab,BaixiGuo,2025-10-17,11:14:07,-07:00,2025-10-17T11:14:07-07:00,2,11
style.css,141,css,a391b8ab,BaixiGuo,2025-10-17,11:14:07,-07:00,2025-10-17T11:14:07-07:00,2,17
style.css,142,css,a391b8ab,BaixiGuo,2025-10-17,11:14:07,-07:00,2025-10-17T11:14:07-07:00,2,39
style.css,143,css,a391b8ab,BaixiGuo,2025-10-17,11:14:07,-07:00,2025-10-17T11:14:07-07:00,2,20
style.css,144,css,a391b8ab,BaixiGuo,2025-10-17,11:14:07,-07:00,2025-10-17T11:14:07-07:00,2,19
style.css,145,css,a391b8ab,BaixiGuo,2025-10-17,11:14:07,-07:00,2025-10-17T11:14:07-07:00,2,18
style.css,146,css,a391b8ab,BaixiGuo,2025-10-17,11:14:07,-07:00,2025-10-17T11:14:07-07:00,2,19
style.css,147,css,a391b8ab,BaixiGuo,2025-10-17,11:14:07,-07:00,2025-10-17T11:14:07-07:00,2,14
style.css,148,css,a391b8ab,BaixiGuo,2025-10-17,11:14:07,-07:00,2025-10-17T11:14:07-07:00,2,13
style.css,149,css,a391b8ab,BaixiGuo,2025-10-17,11:14:07,-07:00,2025-10-17T11:14:07-07:00,2,37
style.css,150,css,9d7280b8,BaixiGuo,2025-10-10,11:58:33,-07:00,2025-10-10T11:58:33-07:00,0,0
style.css,151,css,9d7280b8,BaixiGuo,2025-10-10,11:58:33,-07:00,2025-10-10T11:58:33-07:00,0,0
style.css,152,css,9d7280b8,BaixiGuo,2025-10-10,11:58:33,-07:00,2025-10-10T11:58:33-07:00,0,12
style.css,153,css,a391b8ab,BaixiGuo,2025-10-17,11:14:07,-07:00,2025-10-17T11:14:07-07:00,2,16
style.css,154,css,a391b8ab,BaixiGuo,2025-10-17,11:14:07,-07:00,2025-10-17T11:14:07-07:00,2,11
style.css,155,css,a391b8ab,BaixiGuo,2025-10-17,11:14:07,-07:00,2025-10-17T11:14:07-07:00,2,35
style.css,156,css,9d7280b8,BaixiGuo,2025-10-10,11:58:33,-07:00,2025-10-10T11:58:33-07:00,0,0
style.css,157,css,9d7280b8,BaixiGuo,2025-10-10,11:58:33,-07:00,2025-10-10T11:58:33-07:00,0,77
style.css,158,css,9d7280b8,BaixiGuo,2025-10-10,11:58:33,-07:00,2025-10-10T11:58:33-07:00,0,0
style.css,159,css,9d7280b8,BaixiGuo,2025-10-10,11:58:33,-07:00,2025-10-10T11:58:33-07:00,0,21
style.css,160,css,9d7280b8,BaixiGuo,2025-10-10,11:58:33,-07:00,2025-10-10T11:58:33-07:00,0,12
style.css,161,css,a391b8ab,BaixiGuo,2025-10-17,11:14:07,-07:00,2025-10-17T11:14:07-07:00,2,15
style.css,162,css,a391b8ab,BaixiGuo,2025-10-17,11:14:07,-07:00,2025-10-17T11:14:07-07:00,2,12
style.css,163,css,a391b8ab,BaixiGuo,2025-10-17,11:14:07,-07:00,2025-10-17T11:14:07-07:00,2,58
style.css,164,css,a391b8ab,BaixiGuo,2025-10-17,11:14:07,-07:00,2025-10-17T11:14:07-07:00,2,19
style.css,165,css,a391b8ab,BaixiGuo,2025-10-17,11:14:07,-07:00,2025-10-17T11:14:07-07:00,2,15
style.css,166,css,a391b8ab,BaixiGuo,2025-10-17,11:14:07,-07:00,2025-10-17T11:14:07-07:00,2,12
style.css,167,css,9d7280b8,BaixiGuo,2025-10-10,11:58:33,-07:00,2025-10-10T11:58:33-07:00,0,0
style.css,168,css,9d7280b8,BaixiGuo,2025-10-10,11:58:33,-07:00,2025-10-10T11:58:33-07:00,0,0
style.css,169,css,7c2cf473,BaixiGuo,2025-10-30,00:47:21,-07:00,2025-10-30T00:47:21-07:00,0,24
style.css,170,css,7c2cf473,BaixiGuo,2025-10-30,00:47:21,-07:00,2025-10-30T00:47:21-07:00,2,25
style.css,171,css,7c2cf473,BaixiGuo,2025-10-30,00:47:21,-07:00,2025-10-30T00:47:21-07:00,2,15
style.css,172,css,9d7280b8,BaixiGuo,2025-10-10,11:58:33,-07:00,2025-10-10T11:58:33-07:00,0,0
style.css,173,css,00b953dd,BaixiGuo,2025-10-31,14:41:22,-07:00,2025-10-31T14:41:22-07:00,0,0
style.css,174,css,00b953dd,BaixiGuo,2025-10-31,14:41:22,-07:00,2025-10-31T14:41:22-07:00,0,10
style.css,175,css,00b953dd,BaixiGuo,2025-10-31,14:41:22,-07:00,2025-10-31T14:41:22-07:00,2,23
style.css,176,css,00b953dd,BaixiGuo,2025-10-31,14:41:22,-07:00,2025-10-31T14:41:22-07:00,0,0
style.css,177,css,00b953dd,BaixiGuo,2025-10-31,14:41:22,-07:00,2025-10-31T14:41:22-07:00,0,0
style.css,178,css,00b953dd,BaixiGuo,2025-10-31,14:41:22,-07:00,2025-10-31T14:41:22-07:00,0,18
style.css,179,css,00b953dd,BaixiGuo,2025-10-31,14:41:22,-07:00,2025-10-31T14:41:22-07:00,1,14
style.css,180,css,00b953dd,BaixiGuo,2025-10-31,14:41:22,-07:00,2025-10-31T14:41:22-07:00,1,16
style.css,181,css,00b953dd,BaixiGuo,2025-10-31,14:41:22,-07:00,2025-10-31T14:41:22-07:00,0,0
style.css,182,css,00b953dd,BaixiGuo,2025-10-31,14:41:22,-07:00,2025-10-31T14:41:22-07:00,1,16
style.css,183,css,00b953dd,BaixiGuo,2025-10-31,14:41:22,-07:00,2025-10-31T14:41:22-07:00,0,0
style.css,184,css,00b953dd,BaixiGuo,2025-10-31,14:41:22,-07:00,2025-10-31T14:41:22-07:00,0,0
style.css,185,css,00b953dd,BaixiGuo,2025-10-31,14:41:22,-07:00,2025-10-31T14:41:22-07:00,0,18
style.css,186,css,00b953dd,BaixiGuo,2025-10-31,14:41:22,-07:00,2025-10-31T14:41:22-07:00,0,7
style.css,187,css,00b953dd,BaixiGuo,2025-10-31,14:41:22,-07:00,2025-10-31T14:41:22-07:00,1,12
style.css,188,css,00b953dd,BaixiGuo,2025-10-31,14:41:22,-07:00,2025-10-31T14:41:22-07:00,1,57
style.css,189,css,00b953dd,BaixiGuo,2025-10-31,14:41:22,-07:00,2025-10-31T14:41:22-07:00,1,8
style.css,190,css,00b953dd,BaixiGuo,2025-10-31,14:41:22,-07:00,2025-10-31T14:41:22-07:00,1,21
style.css,191,css,00b953dd,BaixiGuo,2025-10-31,14:41:22,-07:00,2025-10-31T14:41:22-07:00,1,20
style.css,192,css,00b953dd,BaixiGuo,2025-10-31,14:41:22,-07:00,2025-10-31T14:41:22-07:00,1,12
style.css,193,css,00b953dd,BaixiGuo,2025-10-31,14:41:22,-07:00,2025-10-31T14:41:22-07:00,1,15
style.css,194,css,00b953dd,BaixiGuo,2025-10-31,14:41:22,-07:00,2025-10-31T14:41:22-07:00,0,0
style.css,195,css,00b953dd,BaixiGuo,2025-10-31,14:41:22,-07:00,2025-10-31T14:41:22-07:00,0,0
style.css,196,css,00b953dd,BaixiGuo,2025-10-31,14:41:22,-07:00,2025-10-31T14:41:22-07:00,0,20
style.css,197,css,00b953dd,BaixiGuo,2025-10-31,14:41:22,-07:00,2025-10-31T14:41:22-07:00,0,12
style.css,198,css,00b953dd,BaixiGuo,2025-10-31,14:41:22,-07:00,2025-10-31T14:41:22-07:00,1,12
style.css,199,css,00b953dd,BaixiGuo,2025-10-31,14:41:22,-07:00,2025-10-31T14:41:22-07:00,1,22
style.css,200,css,00b953dd,BaixiGuo,2025-10-31,14:41:22,-07:00,2025-10-31T14:41:22-07:00,1,10
style.css,201,css,00b953dd,BaixiGuo,2025-10-31,14:41:22,-07:00,2025-10-31T14:41:22-07:00,0,0
style.css,202,css,00b953dd,BaixiGuo,2025-10-31,14:41:22,-07:00,2025-10-31T14:41:22-07:00,0,0
style.css,203,css,00b953dd,BaixiGuo,2025-10-31,14:41:22,-07:00,2025-10-31T14:41:22-07:00,0,16
style.css,204,css,00b953dd,BaixiGuo,2025-10-31,14:41:22,-07:00,2025-10-31T14:41:22-07:00,0,20
style.css,205,css,00b953dd,BaixiGuo,2025-10-31,14:41:22,-07:00,2025-10-31T14:41:22-07:00,1,20
style.css,206,css,00b953dd,BaixiGuo,2025-10-31,14:41:22,-07:00,2025-10-31T14:41:22-07:00,1,9
style.css,207,css,00b953dd,BaixiGuo,2025-10-31,14:41:22,-07:00,2025-10-31T14:41:22-07:00,1,10
style.css,208,css,00b953dd,BaixiGuo,2025-10-31,14:41:22,-07:00,2025-10-31T14:41:22-07:00,1,17
style.css,209,css,00b953dd,BaixiGuo,2025-10-31,14:41:22,-07:00,2025-10-31T14:41:22-07:00,0,0
style.css,210,css,00b953dd,BaixiGuo,2025-10-31,14:41:22,-07:00,2025-10-31T14:41:22-07:00,0,0
style.css,211,css,00b953dd,BaixiGuo,2025-10-31,14:41:22,-07:00,2025-10-31T14:41:22-07:00,0,36
style.css,212,css,00b953dd,BaixiGuo,2025-10-31,14:41:22,-07:00,2025-10-31T14:41:22-07:00,1,11
style.css,213,css,00b953dd,BaixiGuo,2025-10-31,14:41:22,-07:00,2025-10-31T14:41:22-07:00,0,0
style.css,214,css,00b953dd,BaixiGuo,2025-10-31,14:41:22,-07:00,2025-10-31T14:41:22-07:00,0,0
style.css,215,css,00b953dd,BaixiGuo,2025-10-31,14:41:22,-07:00,2025-10-31T14:41:22-07:00,0,4
style.css,216,css,00b953dd,BaixiGuo,2025-10-31,14:41:22,-07:00,2025-10-31T14:41:22-07:00,1,16
style.css,217,css,00b953dd,BaixiGuo,2025-10-31,14:41:22,-07:00,2025-10-31T14:41:22-07:00,1,14
style.css,218,css,00b953dd,BaixiGuo,2025-10-31,14:41:22,-07:00,2025-10-31T14:41:22-07:00,0,0
style.css,219,css,00b953dd,BaixiGuo,2025-10-31,14:41:22,-07:00,2025-10-31T14:41:22-07:00,0,0
style.css,220,css,00b953dd,BaixiGuo,2025-10-31,14:41:22,-07:00,2025-10-31T14:41:22-07:00,0,9
style.css,221,css,00b953dd,BaixiGuo,2025-10-31,14:41:22,-07:00,2025-10-31T14:41:22-07:00,1,35
style.css,222,css,00b953dd,BaixiGuo,2025-10-31,14:41:22,-07:00,2025-10-31T14:41:22-07:00,0,0
style.css,223,css,00b953dd,BaixiGuo,2025-10-31,14:41:22,-07:00,2025-10-31T14:41:22-07:00,0,0
style.css,224,css,00b953dd,BaixiGuo,2025-10-31,14:41:22,-07:00,2025-10-31T14:41:22-07:00,0,18
style.css,225,css,00b953dd,BaixiGuo,2025-10-31,14:41:22,-07:00,2025-10-31T14:41:22-07:00,1,17
style.css,226,css,00b953dd,BaixiGuo,2025-10-31,14:41:22,-07:00,2025-10-31T14:41:22-07:00,0,0
style.css,227,css,a391b8ab,BaixiGuo,2025-10-17,11:14:07,-07:00,2025-10-17T11:14:07-07:00,0,77
style.css,228,css,a391b8ab,BaixiGuo,2025-10-17,11:14:07,-07:00,2025-10-17T11:14:07-07:00,0,0
style.css,229,css,a391b8ab,BaixiGuo,2025-10-17,11:14:07,-07:00,2025-10-17T11:14:07-07:00,0,24
style.css,230,css,a391b8ab,BaixiGuo,2025-10-17,11:14:07,-07:00,2025-10-17T11:14:07-07:00,0,22
style.css,231,css,a391b8ab,BaixiGuo,2025-10-17,11:14:07,-07:00,2025-10-17T11:14:07-07:00,2,55
style.css,232,css,a391b8ab,BaixiGuo,2025-10-17,11:14:07,-07:00,2025-10-17T11:14:07-07:00,0,0
index.js,1,js,2e572ad9,BaixiGuo,2025-10-24,15:46:42,-07:00,2025-10-24T15:46:42-07:00,0,91
index.js,2,js,2e572ad9,BaixiGuo,2025-10-24,15:46:42,-07:00,2025-10-24T15:46:42-07:00,0,0
index.js,3,js,2e572ad9,BaixiGuo,2025-10-24,15:46:42,-07:00,2025-10-24T15:46:42-07:00,0,41
index.js,4,js,2e572ad9,BaixiGuo,2025-10-24,15:46:42,-07:00,2025-10-24T15:46:42-07:00,0,54
index.js,5,js,2e572ad9,BaixiGuo,2025-10-24,15:46:42,-07:00,2025-10-24T15:46:42-07:00,0,42
index.js,6,js,2e572ad9,BaixiGuo,2025-10-24,15:46:42,-07:00,2025-10-24T15:46:42-07:00,0,60
index.js,7,js,2e572ad9,BaixiGuo,2025-10-24,15:46:42,-07:00,2025-10-24T15:46:42-07:00,0,23
index.js,8,js,2e572ad9,BaixiGuo,2025-10-24,15:46:42,-07:00,2025-10-24T15:46:42-07:00,0,48
index.js,9,js,2e572ad9,BaixiGuo,2025-10-24,15:46:42,-07:00,2025-10-24T15:46:42-07:00,0,0
index.js,10,js,2e572ad9,BaixiGuo,2025-10-24,15:46:42,-07:00,2025-10-24T15:46:42-07:00,0,18
index.js,11,js,2e572ad9,BaixiGuo,2025-10-24,15:46:42,-07:00,2025-10-24T15:46:42-07:00,0,53
index.js,12,js,2e572ad9,BaixiGuo,2025-10-24,15:46:42,-07:00,2025-10-24T15:46:42-07:00,0,68
index.js,13,js,2e572ad9,BaixiGuo,2025-10-24,15:46:42,-07:00,2025-10-24T15:46:42-07:00,0,22
index.js,14,js,2e572ad9,BaixiGuo,2025-10-24,15:46:42,-07:00,2025-10-24T15:46:42-07:00,0,53
index.html,1,html,fc2b5477,BaixiGuo,2025-09-30,01:09:33,-07:00,2025-09-30T01:09:33-07:00,0,13
index.html,2,html,fc2b5477,BaixiGuo,2025-09-30,01:09:33,-07:00,2025-09-30T01:09:33-07:00,0,14
index.html,3,html,fc2b5477,BaixiGuo,2025-09-30,01:09:33,-07:00,2025-09-30T01:09:33-07:00,0,4
index.html,4,html,fc2b5477,BaixiGuo,2025-09-30,01:09:33,-07:00,2025-09-30T01:09:33-07:00,2,20
index.html,5,html,fc2b5477,BaixiGuo,2025-09-30,01:09:33,-07:00,2025-09-30T01:09:33-07:00,2,68
index.html,6,html,fc2b5477,BaixiGuo,2025-09-30,01:09:33,-07:00,2025-09-30T01:09:33-07:00,2,51
index.html,7,html,fa850776,BaixiGuo,2025-10-10,14:08:04,-07:00,2025-10-10T14:08:04-07:00,2,40
index.html,8,html,a391b8ab,BaixiGuo,2025-10-17,11:14:07,-07:00,2025-10-17T11:14:07-07:00,2,47
index.html,9,html,2e572ad9,BaixiGuo,2025-10-24,15:46:42,-07:00,2025-10-24T15:46:42-07:00,2,52
index.html,10,html,fc2b5477,BaixiGuo,2025-09-30,01:09:33,-07:00,2025-09-30T01:09:33-07:00,0,5
index.html,11,html,fc2b5477,BaixiGuo,2025-09-30,01:09:33,-07:00,2025-09-30T01:09:33-07:00,0,4
index.html,12,html,9d7280b8,BaixiGuo,2025-10-10,11:58:33,-07:00,2025-10-10T11:58:33-07:00,2,14
index.html,13,html,9d7280b8,BaixiGuo,2025-10-10,11:58:33,-07:00,2025-10-10T11:58:33-07:00,2,31
index.html,14,html,9d7280b8,BaixiGuo,2025-10-10,11:58:33,-07:00,2025-10-10T11:58:33-07:00,2,0
index.html,15,html,9d7280b8,BaixiGuo,2025-10-10,11:58:33,-07:00,2025-10-10T11:58:33-07:00,2,21
index.html,16,html,c7d705a8,BaixiGuo,2025-10-10,14:13:34,-07:00,2025-10-10T14:13:34-07:00,2,72
index.html,17,html,9d7280b8,BaixiGuo,2025-10-10,11:58:33,-07:00,2025-10-10T11:58:33-07:00,0,0
index.html,18,html,9d7280b8,BaixiGuo,2025-10-10,11:58:33,-07:00,2025-10-10T11:58:33-07:00,2,18
index.html,19,html,9d7280b8,BaixiGuo,2025-10-10,11:58:33,-07:00,2025-10-10T11:58:33-07:00,2,7
index.html,20,html,9d7280b8,BaixiGuo,2025-10-10,11:58:33,-07:00,2025-10-10T11:58:33-07:00,4,40
index.html,21,html,9d7280b8,BaixiGuo,2025-10-10,11:58:33,-07:00,2025-10-10T11:58:33-07:00,4,85
index.html,22,html,9d7280b8,BaixiGuo,2025-10-10,11:58:33,-07:00,2025-10-10T11:58:33-07:00,4,49
index.html,23,html,9d7280b8,BaixiGuo,2025-10-10,11:58:33,-07:00,2025-10-10T11:58:33-07:00,2,9
index.html,24,html,2e572ad9,BaixiGuo,2025-10-24,15:46:42,-07:00,2025-10-24T15:46:42-07:00,0,0
index.html,25,html,2e572ad9,BaixiGuo,2025-10-24,15:46:42,-07:00,2025-10-24T15:46:42-07:00,2,27
index.html,26,html,2e572ad9,BaixiGuo,2025-10-24,15:46:42,-07:00,2025-10-24T15:46:42-07:00,2,33
index.html,27,html,2e572ad9,BaixiGuo,2025-10-24,15:46:42,-07:00,2025-10-24T15:46:42-07:00,0,0
index.html,28,html,2e572ad9,BaixiGuo,2025-10-24,15:46:42,-07:00,2025-10-24T15:46:42-07:00,2,30
index.html,29,html,2e572ad9,BaixiGuo,2025-10-24,15:46:42,-07:00,2025-10-24T15:46:42-07:00,2,27
index.html,30,html,2e572ad9,BaixiGuo,2025-10-24,15:46:42,-07:00,2025-10-24T15:46:42-07:00,0,0
index.html,31,html,2e572ad9,BaixiGuo,2025-10-24,15:46:42,-07:00,2025-10-24T15:46:42-07:00,2,19
index.html,32,html,2e572ad9,BaixiGuo,2025-10-24,15:46:42,-07:00,2025-10-24T15:46:42-07:00,2,29
index.html,33,html,2e572ad9,BaixiGuo,2025-10-24,15:46:42,-07:00,2025-10-24T15:46:42-07:00,0,0
index.html,34,html,fc2b5477,BaixiGuo,2025-09-30,01:09:33,-07:00,2025-09-30T01:09:33-07:00,0,5
index.html,35,html,4fa4a713,BaixiGuo,2025-10-01,14:17:24,-07:00,2025-10-01T14:17:24-07:00,0,5
index.html,36,html,4fa4a713,BaixiGuo,2025-10-01,14:17:24,-07:00,2025-10-01T14:17:24-07:00,0,0
global.js,1,js,a391b8ab,BaixiGuo,2025-10-17,11:14:07,-07:00,2025-10-17T11:14:07-07:00,0,34
global.js,2,js,a391b8ab,BaixiGuo,2025-10-17,11:14:07,-07:00,2025-10-17T11:14:07-07:00,0,40
global.js,3,js,a391b8ab,BaixiGuo,2025-10-17,11:14:07,-07:00,2025-10-17T11:14:07-07:00,0,11
global.js,4,js,a391b8ab,BaixiGuo,2025-10-17,11:14:07,-07:00,2025-10-17T11:14:07-07:00,2,52
global.js,5,js,a391b8ab,BaixiGuo,2025-10-17,11:14:07,-07:00,2025-10-17T11:14:07-07:00,2,64
global.js,6,js,a391b8ab,BaixiGuo,2025-10-17,11:14:07,-07:00,2025-10-17T11:14:07-07:00,2,56
global.js,7,js,00000000,Not Committed Yet,2025-11-07,14:33:37,-08:00,2025-11-07T14:33:37-08:00,2,55
global.js,8,js,00000000,Not Committed Yet,2025-11-07,14:33:37,-08:00,2025-11-07T14:33:37-08:00,2,51
global.js,9,js,a391b8ab,BaixiGuo,2025-10-17,11:14:07,-07:00,2025-10-17T11:14:07-07:00,2,75
global.js,10,js,a391b8ab,BaixiGuo,2025-10-17,11:14:07,-07:00,2025-10-17T11:14:07-07:00,0,0
global.js,11,js,a391b8ab,BaixiGuo,2025-10-17,11:14:07,-07:00,2025-10-17T11:14:07-07:00,0,0
global.js,12,js,a391b8ab,BaixiGuo,2025-10-17,11:14:07,-07:00,2025-10-17T11:14:07-07:00,0,51
global.js,13,js,a391b8ab,BaixiGuo,2025-10-17,11:14:07,-07:00,2025-10-17T11:14:07-07:00,0,38
global.js,14,js,a391b8ab,BaixiGuo,2025-10-17,11:14:07,-07:00,2025-10-17T11:14:07-07:00,0,31
global.js,15,js,a391b8ab,BaixiGuo,2025-10-17,11:14:07,-07:00,2025-10-17T11:14:07-07:00,0,23
global.js,16,js,a391b8ab,BaixiGuo,2025-10-17,11:14:07,-07:00,2025-10-17T11:14:07-07:00,0,25
global.js,17,js,a391b8ab,BaixiGuo,2025-10-17,11:14:07,-07:00,2025-10-17T11:14:07-07:00,0,0
global.js,18,js,a391b8ab,BaixiGuo,2025-10-17,11:14:07,-07:00,2025-10-17T11:14:07-07:00,0,49
global.js,19,js,a391b8ab,BaixiGuo,2025-10-17,11:14:07,-07:00,2025-10-17T11:14:07-07:00,0,30
global.js,20,js,a391b8ab,BaixiGuo,2025-10-17,11:14:07,-07:00,2025-10-17T11:14:07-07:00,2,23
global.js,21,js,a391b8ab,BaixiGuo,2025-10-17,11:14:07,-07:00,2025-10-17T11:14:07-07:00,2,38
global.js,22,js,a391b8ab,BaixiGuo,2025-10-17,11:14:07,-07:00,2025-10-17T11:14:07-07:00,2,81
global.js,23,js,a391b8ab,BaixiGuo,2025-10-17,11:14:07,-07:00,2025-10-17T11:14:07-07:00,2,15
global.js,24,js,a391b8ab,BaixiGuo,2025-10-17,11:14:07,-07:00,2025-10-17T11:14:07-07:00,0,0
global.js,25,js,a391b8ab,BaixiGuo,2025-10-17,11:14:07,-07:00,2025-10-17T11:14:07-07:00,2,47
global.js,26,js,a391b8ab,BaixiGuo,2025-10-17,11:14:07,-07:00,2025-10-17T11:14:07-07:00,2,34
global.js,27,js,a391b8ab,BaixiGuo,2025-10-17,11:14:07,-07:00,2025-10-17T11:14:07-07:00,2,32
global.js,28,js,a391b8ab,BaixiGuo,2025-10-17,11:14:07,-07:00,2025-10-17T11:14:07-07:00,2,100
global.js,29,js,a391b8ab,BaixiGuo,2025-10-17,11:14:07,-07:00,2025-10-17T11:14:07-07:00,2,67
global.js,30,js,a391b8ab,BaixiGuo,2025-10-17,11:14:07,-07:00,2025-10-17T11:14:07-07:00,2,91
global.js,31,js,a391b8ab,BaixiGuo,2025-10-17,11:14:07,-07:00,2025-10-17T11:14:07-07:00,2,98
global.js,32,js,a391b8ab,BaixiGuo,2025-10-17,11:14:07,-07:00,2025-10-17T11:14:07-07:00,2,47
global.js,33,js,a391b8ab,BaixiGuo,2025-10-17,11:14:07,-07:00,2025-10-17T11:14:07-07:00,2,92
global.js,34,js,a391b8ab,BaixiGuo,2025-10-17,11:14:07,-07:00,2025-10-17T11:14:07-07:00,2,65
global.js,35,js,a391b8ab,BaixiGuo,2025-10-17,11:14:07,-07:00,2025-10-17T11:14:07-07:00,4,16
global.js,36,js,a391b8ab,BaixiGuo,2025-10-17,11:14:07,-07:00,2025-10-17T11:14:07-07:00,2,0
global.js,37,js,a391b8ab,BaixiGuo,2025-10-17,11:14:07,-07:00,2025-10-17T11:14:07-07:00,2,36
global.js,38,js,a391b8ab,BaixiGuo,2025-10-17,11:14:07,-07:00,2025-10-17T11:14:07-07:00,2,22
global.js,39,js,a391b8ab,BaixiGuo,2025-10-17,11:14:07,-07:00,2025-10-17T11:14:07-07:00,2,18
global.js,40,js,a391b8ab,BaixiGuo,2025-10-17,11:14:07,-07:00,2025-10-17T11:14:07-07:00,2,13
global.js,41,js,a391b8ab,BaixiGuo,2025-10-17,11:14:07,-07:00,2025-10-17T11:14:07-07:00,0,0
global.js,42,js,a391b8ab,BaixiGuo,2025-10-17,11:14:07,-07:00,2025-10-17T11:14:07-07:00,0,0
global.js,43,js,a391b8ab,BaixiGuo,2025-10-17,11:14:07,-07:00,2025-10-17T11:14:07-07:00,0,47
global.js,44,js,a391b8ab,BaixiGuo,2025-10-17,11:14:07,-07:00,2025-10-17T11:14:07-07:00,0,31
global.js,45,js,a391b8ab,BaixiGuo,2025-10-17,11:14:07,-07:00,2025-10-17T11:14:07-07:00,0,11
global.js,46,js,a391b8ab,BaixiGuo,2025-10-17,11:14:07,-07:00,2025-10-17T11:14:07-07:00,0,31
global.js,47,js,a391b8ab,BaixiGuo,2025-10-17,11:14:07,-07:00,2025-10-17T11:14:07-07:00,0,26
global.js,48,js,a391b8ab,BaixiGuo,2025-10-17,11:14:07,-07:00,2025-10-17T11:14:07-07:00,4,4
global.js,49,js,a391b8ab,BaixiGuo,2025-10-17,11:14:07,-07:00,2025-10-17T11:14:07-07:00,4,6
global.js,50,js,a391b8ab,BaixiGuo,2025-10-17,11:14:07,-07:00,2025-10-17T11:14:07-07:00,6,40
global.js,51,js,a391b8ab,BaixiGuo,2025-10-17,11:14:07,-07:00,2025-10-17T11:14:07-07:00,6,36
global.js,52,js,a391b8ab,BaixiGuo,2025-10-17,11:14:07,-07:00,2025-10-17T11:14:07-07:00,6,34
global.js,53,js,a391b8ab,BaixiGuo,2025-10-17,11:14:07,-07:00,2025-10-17T11:14:07-07:00,4,7
global.js,54,js,a391b8ab,BaixiGuo,2025-10-17,11:14:07,-07:00,2025-10-17T11:14:07-07:00,2,6
global.js,55,js,a391b8ab,BaixiGuo,2025-10-17,11:14:07,-07:00,2025-10-17T11:14:07-07:00,2,23
global.js,56,js,a391b8ab,BaixiGuo,2025-10-17,11:14:07,-07:00,2025-10-17T11:14:07-07:00,0,0
global.js,57,js,a391b8ab,BaixiGuo,2025-10-17,11:14:07,-07:00,2025-10-17T11:14:07-07:00,0,0
global.js,58,js,a391b8ab,BaixiGuo,2025-10-17,11:14:07,-07:00,2025-10-17T11:14:07-07:00,0,52
global.js,59,js,a391b8ab,BaixiGuo,2025-10-17,11:14:07,-07:00,2025-10-17T11:14:07-07:00,0,24
global.js,60,js,a391b8ab,BaixiGuo,2025-10-17,11:14:07,-07:00,2025-10-17T11:14:07-07:00,0,65
global.js,61,js,a391b8ab,BaixiGuo,2025-10-17,11:14:07,-07:00,2025-10-17T11:14:07-07:00,0,38
global.js,62,js,a391b8ab,BaixiGuo,2025-10-17,11:14:07,-07:00,2025-10-17T11:14:07-07:00,0,33
global.js,63,js,a391b8ab,BaixiGuo,2025-10-17,11:14:07,-07:00,2025-10-17T11:14:07-07:00,2,49
global.js,64,js,a391b8ab,BaixiGuo,2025-10-17,11:14:07,-07:00,2025-10-17T11:14:07-07:00,2,24
global.js,65,js,a391b8ab,BaixiGuo,2025-10-17,11:14:07,-07:00,2025-10-17T11:14:07-07:00,2,28
global.js,66,js,a391b8ab,BaixiGuo,2025-10-17,11:14:07,-07:00,2025-10-17T11:14:07-07:00,2,28
global.js,67,js,a391b8ab,BaixiGuo,2025-10-17,11:14:07,-07:00,2025-10-17T11:14:07-07:00,4,77
global.js,68,js,a391b8ab,BaixiGuo,2025-10-17,11:14:07,-07:00,2025-10-17T11:14:07-07:00,4,73
global.js,69,js,a391b8ab,BaixiGuo,2025-10-17,11:14:07,-07:00,2025-10-17T11:14:07-07:00,4,43
global.js,70,js,a391b8ab,BaixiGuo,2025-10-17,11:14:07,-07:00,2025-10-17T11:14:07-07:00,2,0
global.js,71,js,a391b8ab,BaixiGuo,2025-10-17,11:14:07,-07:00,2025-10-17T11:14:07-07:00,0,0
global.js,72,js,a391b8ab,BaixiGuo,2025-10-17,11:14:07,-07:00,2025-10-17T11:14:07-07:00,2,30
global.js,73,js,a391b8ab,BaixiGuo,2025-10-17,11:14:07,-07:00,2025-10-17T11:14:07-07:00,2,56
global.js,74,js,a391b8ab,BaixiGuo,2025-10-17,11:14:07,-07:00,2025-10-17T11:14:07-07:00,2,23
global.js,75,js,a391b8ab,BaixiGuo,2025-10-17,11:14:07,-07:00,2025-10-17T11:14:07-07:00,2,20
global.js,76,js,a391b8ab,BaixiGuo,2025-10-17,11:14:07,-07:00,2025-10-17T11:14:07-07:00,2,50
global.js,77,js,a391b8ab,BaixiGuo,2025-10-17,11:14:07,-07:00,2025-10-17T11:14:07-07:00,0,0
global.js,78,js,a391b8ab,BaixiGuo,2025-10-17,11:14:07,-07:00,2025-10-17T11:14:07-07:00,2,59
global.js,79,js,a391b8ab,BaixiGuo,2025-10-17,11:14:07,-07:00,2025-10-17T11:14:07-07:00,2,71
global.js,80,js,a391b8ab,BaixiGuo,2025-10-17,11:14:07,-07:00,2025-10-17T11:14:07-07:00,2,5
global.js,81,js,a391b8ab,BaixiGuo,2025-10-17,11:14:07,-07:00,2025-10-17T11:14:07-07:00,0,0
global.js,82,js,a391b8ab,BaixiGuo,2025-10-17,11:14:07,-07:00,2025-10-17T11:14:07-07:00,0,49
global.js,83,js,a391b8ab,BaixiGuo,2025-10-17,11:14:07,-07:00,2025-10-17T11:14:07-07:00,0,67
global.js,84,js,a391b8ab,BaixiGuo,2025-10-17,11:14:07,-07:00,2025-10-17T11:14:07-07:00,0,13
global.js,85,js,a391b8ab,BaixiGuo,2025-10-17,11:14:07,-07:00,2025-10-17T11:14:07-07:00,2,45
global.js,86,js,a391b8ab,BaixiGuo,2025-10-17,11:14:07,-07:00,2025-10-17T11:14:07-07:00,2,26
global.js,87,js,a391b8ab,BaixiGuo,2025-10-17,11:14:07,-07:00,2025-10-17T11:14:07-07:00,2,62
global.js,88,js,a391b8ab,BaixiGuo,2025-10-17,11:14:07,-07:00,2025-10-17T11:14:07-07:00,2,82
global.js,89,js,a391b8ab,BaixiGuo,2025-10-17,11:14:07,-07:00,2025-10-17T11:14:07-07:00,2,23
global.js,90,js,a391b8ab,BaixiGuo,2025-10-17,11:14:07,-07:00,2025-10-17T11:14:07-07:00,0,0
global.js,91,js,a391b8ab,BaixiGuo,2025-10-17,11:14:07,-07:00,2025-10-17T11:14:07-07:00,0,46
global.js,92,js,a391b8ab,BaixiGuo,2025-10-17,11:14:07,-07:00,2025-10-17T11:14:07-07:00,0,65
global.js,93,js,a391b8ab,BaixiGuo,2025-10-17,11:14:07,-07:00,2025-10-17T11:14:07-07:00,0,49
global.js,94,js,a391b8ab,BaixiGuo,2025-10-17,11:14:07,-07:00,2025-10-17T11:14:07-07:00,2,32
global.js,95,js,a391b8ab,BaixiGuo,2025-10-17,11:14:07,-07:00,2025-10-17T11:14:07-07:00,2,35
global.js,96,js,a391b8ab,BaixiGuo,2025-10-17,11:14:07,-07:00,2025-10-17T11:14:07-07:00,2,37
global.js,97,js,a391b8ab,BaixiGuo,2025-10-17,11:14:07,-07:00,2025-10-17T11:14:07-07:00,2,71
global.js,98,js,a391b8ab,BaixiGuo,2025-10-17,11:14:07,-07:00,2025-10-17T11:14:07-07:00,0,1
global.js,99,js,a391b8ab,BaixiGuo,2025-10-17,11:14:07,-07:00,2025-10-17T11:14:07-07:00,0,0
global.js,100,js,a391b8ab,BaixiGuo,2025-10-17,11:14:07,-07:00,2025-10-17T11:14:07-07:00,0,30
global.js,101,js,a391b8ab,BaixiGuo,2025-10-17,11:14:07,-07:00,2025-10-17T11:14:07-07:00,0,19
global.js,102,js,a391b8ab,BaixiGuo,2025-10-17,11:14:07,-07:00,2025-10-17T11:14:07-07:00,0,42
global.js,103,js,a391b8ab,BaixiGuo,2025-10-17,11:14:07,-07:00,2025-10-17T11:14:07-07:00,0,43
global.js,104,js,a391b8ab,BaixiGuo,2025-10-17,11:14:07,-07:00,2025-10-17T11:14:07-07:00,0,43
global.js,105,js,a391b8ab,BaixiGuo,2025-10-17,11:14:07,-07:00,2025-10-17T11:14:07-07:00,2,34
global.js,106,js,a391b8ab,BaixiGuo,2025-10-17,11:14:07,-07:00,2025-10-17T11:14:07-07:00,2,21
global.js,107,js,a391b8ab,BaixiGuo,2025-10-17,11:14:07,-07:00,2025-10-17T11:14:07-07:00,0,0
global.js,108,js,a391b8ab,BaixiGuo,2025-10-17,11:14:07,-07:00,2025-10-17T11:14:07-07:00,2,17
global.js,109,js,a391b8ab,BaixiGuo,2025-10-17,11:14:07,-07:00,2025-10-17T11:14:07-07:00,2,29
global.js,110,js,a391b8ab,BaixiGuo,2025-10-17,11:14:07,-07:00,2025-10-17T11:14:07-07:00,2,53
global.js,111,js,a391b8ab,BaixiGuo,2025-10-17,11:14:07,-07:00,2025-10-17T11:14:07-07:00,2,47
global.js,112,js,a391b8ab,BaixiGuo,2025-10-17,11:14:07,-07:00,2025-10-17T11:14:07-07:00,2,67
global.js,113,js,a391b8ab,BaixiGuo,2025-10-17,11:14:07,-07:00,2025-10-17T11:14:07-07:00,0,0
global.js,114,js,a391b8ab,BaixiGuo,2025-10-17,11:14:07,-07:00,2025-10-17T11:14:07-07:00,2,30
global.js,115,js,a391b8ab,BaixiGuo,2025-10-17,11:14:07,-07:00,2025-10-17T11:14:07-07:00,2,32
global.js,116,js,2e572ad9,BaixiGuo,2025-10-24,15:46:42,-07:00,2025-10-24T15:46:42-07:00,0,0
global.js,117,js,2e572ad9,BaixiGuo,2025-10-24,15:46:42,-07:00,2025-10-24T15:46:42-07:00,0,0
global.js,118,js,2e572ad9,BaixiGuo,2025-10-24,15:46:42,-07:00,2025-10-24T15:46:42-07:00,0,19
global.js,119,js,2e572ad9,BaixiGuo,2025-10-24,15:46:42,-07:00,2025-10-24T15:46:42-07:00,0,36
global.js,120,js,2e572ad9,BaixiGuo,2025-10-24,15:46:42,-07:00,2025-10-24T15:46:42-07:00,1,3
global.js,121,js,2e572ad9,BaixiGuo,2025-10-24,15:46:42,-07:00,2025-10-24T15:46:42-07:00,2,39
global.js,122,js,2e572ad9,BaixiGuo,2025-10-24,15:46:42,-07:00,2025-10-24T15:46:42-07:00,2,32
global.js,123,js,2e572ad9,BaixiGuo,2025-10-24,15:46:42,-07:00,2025-10-24T15:46:42-07:00,0,0
global.js,124,js,2e572ad9,BaixiGuo,2025-10-24,15:46:42,-07:00,2025-10-24T15:46:42-07:00,2,26
global.js,125,js,2e572ad9,BaixiGuo,2025-10-24,15:46:42,-07:00,2025-10-24T15:46:42-07:00,2,17
global.js,126,js,2e572ad9,BaixiGuo,2025-10-24,15:46:42,-07:00,2025-10-24T15:46:42-07:00,4,66
global.js,127,js,2e572ad9,BaixiGuo,2025-10-24,15:46:42,-07:00,2025-10-24T15:46:42-07:00,2,0
global.js,128,js,2e572ad9,BaixiGuo,2025-10-24,15:46:42,-07:00,2025-10-24T15:46:42-07:00,0,0
global.js,129,js,2e572ad9,BaixiGuo,2025-10-24,15:46:42,-07:00,2025-10-24T15:46:42-07:00,2,16
global.js,130,js,2e572ad9,BaixiGuo,2025-10-24,15:46:42,-07:00,2025-10-24T15:46:42-07:00,2,33
global.js,131,js,2e572ad9,BaixiGuo,2025-10-24,15:46:42,-07:00,2025-10-24T15:46:42-07:00,2,10
global.js,132,js,2e572ad9,BaixiGuo,2025-10-24,15:46:42,-07:00,2025-10-24T15:46:42-07:00,0,0
global.js,133,js,2e572ad9,BaixiGuo,2025-10-24,15:46:42,-07:00,2025-10-24T15:46:42-07:00,1,15
global.js,134,js,2e572ad9,BaixiGuo,2025-10-24,15:46:42,-07:00,2025-10-24T15:46:42-07:00,2,59
global.js,135,js,2e572ad9,BaixiGuo,2025-10-24,15:46:42,-07:00,2025-10-24T15:46:42-07:00,1,0
global.js,136,js,2e572ad9,BaixiGuo,2025-10-24,15:46:42,-07:00,2025-10-24T15:46:42-07:00,0,0
global.js,137,js,2e572ad9,BaixiGuo,2025-10-24,15:46:42,-07:00,2025-10-24T15:46:42-07:00,0,0
global.js,138,js,2e572ad9,BaixiGuo,2025-10-24,15:46:42,-07:00,2025-10-24T15:46:42-07:00,0,18
global.js,139,js,2e572ad9,BaixiGuo,2025-10-24,15:46:42,-07:00,2025-10-24T15:46:42-07:00,0,47
global.js,140,js,2e572ad9,BaixiGuo,2025-10-24,15:46:42,-07:00,2025-10-24T15:46:42-07:00,1,59
global.js,141,js,2e572ad9,BaixiGuo,2025-10-24,15:46:42,-07:00,2025-10-24T15:46:42-07:00,0,0
global.js,142,js,2e572ad9,BaixiGuo,2025-10-24,15:46:42,-07:00,2025-10-24T15:46:42-07:00,0,0
global.js,143,js,2e572ad9,BaixiGuo,2025-10-24,15:46:42,-07:00,2025-10-24T15:46:42-07:00,0,35
global.js,144,js,00b953dd,BaixiGuo,2025-10-31,14:41:22,-07:00,2025-10-31T14:41:22-07:00,0,68
global.js,145,js,2e572ad9,BaixiGuo,2025-10-24,15:46:42,-07:00,2025-10-24T15:46:42-07:00,2,41
global.js,146,js,2e572ad9,BaixiGuo,2025-10-24,15:46:42,-07:00,2025-10-24T15:46:42-07:00,2,28
global.js,147,js,2e572ad9,BaixiGuo,2025-10-24,15:46:42,-07:00,2025-10-24T15:46:42-07:00,4,63
global.js,148,js,2e572ad9,BaixiGuo,2025-10-24,15:46:42,-07:00,2025-10-24T15:46:42-07:00,4,5
global.js,149,js,2e572ad9,BaixiGuo,2025-10-24,15:46:42,-07:00,2025-10-24T15:46:42-07:00,2,0
global.js,150,js,2e572ad9,BaixiGuo,2025-10-24,15:46:42,-07:00,2025-10-24T15:46:42-07:00,0,0
global.js,151,js,2e572ad9,BaixiGuo,2025-10-24,15:46:42,-07:00,2025-10-24T15:46:42-07:00,2,55
global.js,152,js,2e572ad9,BaixiGuo,2025-10-24,15:46:42,-07:00,2025-10-24T15:46:42-07:00,2,47
global.js,153,js,2e572ad9,BaixiGuo,2025-10-24,15:46:42,-07:00,2025-10-24T15:46:42-07:00,4,76
global.js,154,js,2e572ad9,BaixiGuo,2025-10-24,15:46:42,-07:00,2025-10-24T15:46:42-07:00,4,5
global.js,155,js,2e572ad9,BaixiGuo,2025-10-24,15:46:42,-07:00,2025-10-24T15:46:42-07:00,2,0
global.js,156,js,2e572ad9,BaixiGuo,2025-10-24,15:46:42,-07:00,2025-10-24T15:46:42-07:00,0,0
global.js,157,js,2e572ad9,BaixiGuo,2025-10-24,15:46:42,-07:00,2025-10-24T15:46:42-07:00,2,50
global.js,158,js,2e572ad9,BaixiGuo,2025-10-24,15:46:42,-07:00,2025-10-24T15:46:42-07:00,2,30
global.js,159,js,2e572ad9,BaixiGuo,2025-10-24,15:46:42,-07:00,2025-10-24T15:46:42-07:00,0,0
global.js,160,js,00b953dd,BaixiGuo,2025-10-31,14:41:22,-07:00,2025-10-31T14:41:22-07:00,2,20
global.js,161,js,2e572ad9,BaixiGuo,2025-10-24,15:46:42,-07:00,2025-10-24T15:46:42-07:00,2,77
global.js,162,js,2e572ad9,BaixiGuo,2025-10-24,15:46:42,-07:00,2025-10-24T15:46:42-07:00,2,60
global.js,163,js,2e572ad9,BaixiGuo,2025-10-24,15:46:42,-07:00,2025-10-24T15:46:42-07:00,4,62
global.js,164,js,2e572ad9,BaixiGuo,2025-10-24,15:46:42,-07:00,2025-10-24T15:46:42-07:00,4,5
global.js,165,js,2e572ad9,BaixiGuo,2025-10-24,15:46:42,-07:00,2025-10-24T15:46:42-07:00,2,0
global.js,166,js,2e572ad9,BaixiGuo,2025-10-24,15:46:42,-07:00,2025-10-24T15:46:42-07:00,0,0
global.js,167,js,2e572ad9,BaixiGuo,2025-10-24,15:46:42,-07:00,2025-10-24T15:46:42-07:00,2,87
global.js,168,js,2e572ad9,BaixiGuo,2025-10-24,15:46:42,-07:00,2025-10-24T15:46:42-07:00,4,39
global.js,169,js,2e572ad9,BaixiGuo,2025-10-24,15:46:42,-07:00,2025-10-24T15:46:42-07:00,4,39
global.js,170,js,2e572ad9,BaixiGuo,2025-10-24,15:46:42,-07:00,2025-10-24T15:46:42-07:00,0,0
global.js,171,js,2e572ad9,BaixiGuo,2025-10-24,15:46:42,-07:00,2025-10-24T15:46:42-07:00,2,35
global.js,172,js,2e572ad9,BaixiGuo,2025-10-24,15:46:42,-07:00,2025-10-24T15:46:42-07:00,2,29
global.js,173,js,2e572ad9,BaixiGuo,2025-10-24,15:46:42,-07:00,2025-10-24T15:46:42-07:00,4,68
global.js,174,js,2e572ad9,BaixiGuo,2025-10-24,15:46:42,-07:00,2025-10-24T15:46:42-07:00,4,49
global.js,175,js,2e572ad9,BaixiGuo,2025-10-24,15:46:42,-07:00,2025-10-24T15:46:42-07:00,0,0
global.js,176,js,2e572ad9,BaixiGuo,2025-10-24,15:46:42,-07:00,2025-10-24T15:46:42-07:00,4,43
global.js,177,js,2e572ad9,BaixiGuo,2025-10-24,15:46:42,-07:00,2025-10-24T15:46:42-07:00,4,48
global.js,178,js,2e572ad9,BaixiGuo,2025-10-24,15:46:42,-07:00,2025-10-24T15:46:42-07:00,4,85
global.js,179,js,2e572ad9,BaixiGuo,2025-10-24,15:46:42,-07:00,2025-10-24T15:46:42-07:00,4,69
global.js,180,js,00b953dd,BaixiGuo,2025-10-31,14:41:22,-07:00,2025-10-31T14:41:22-07:00,4,42
global.js,181,js,7c2cf473,BaixiGuo,2025-10-30,00:47:21,-07:00,2025-10-30T00:47:21-07:00,4,32
global.js,182,js,7c2cf473,BaixiGuo,2025-10-30,00:47:21,-07:00,2025-10-30T00:47:21-07:00,0,0
global.js,183,js,2e572ad9,BaixiGuo,2025-10-24,15:46:42,-07:00,2025-10-24T15:46:42-07:00,4,25
global.js,184,js,2e572ad9,BaixiGuo,2025-10-24,15:46:42,-07:00,2025-10-24T15:46:42-07:00,4,48
global.js,185,js,00b953dd,BaixiGuo,2025-10-31,14:41:22,-07:00,2025-10-31T14:41:22-07:00,0,0
global.js,186,js,00b953dd,BaixiGuo,2025-10-31,14:41:22,-07:00,2025-10-31T14:41:22-07:00,4,55
global.js,187,js,00b953dd,BaixiGuo,2025-10-31,14:41:22,-07:00,2025-10-31T14:41:22-07:00,4,28
global.js,188,js,00b953dd,BaixiGuo,2025-10-31,14:41:22,-07:00,2025-10-31T14:41:22-07:00,4,48
global.js,189,js,00b953dd,BaixiGuo,2025-10-31,14:41:22,-07:00,2025-10-31T14:41:22-07:00,0,0
global.js,190,js,00b953dd,BaixiGuo,2025-10-31,14:41:22,-07:00,2025-10-31T14:41:22-07:00,4,23
global.js,191,js,00b953dd,BaixiGuo,2025-10-31,14:41:22,-07:00,2025-10-31T14:41:22-07:00,6,87
global.js,192,js,00b953dd,BaixiGuo,2025-10-31,14:41:22,-07:00,2025-10-31T14:41:22-07:00,6,20
global.js,193,js,00b953dd,BaixiGuo,2025-10-31,14:41:22,-07:00,2025-10-31T14:41:22-07:00,0,0
global.js,194,js,00b953dd,BaixiGuo,2025-10-31,14:41:22,-07:00,2025-10-31T14:41:22-07:00,4,20
global.js,195,js,2e572ad9,BaixiGuo,2025-10-24,15:46:42,-07:00,2025-10-24T15:46:42-07:00,4,19
global.js,196,js,00b953dd,BaixiGuo,2025-10-31,14:41:22,-07:00,2025-10-31T14:41:22-07:00,6,10
global.js,197,js,00b953dd,BaixiGuo,2025-10-31,14:41:22,-07:00,2025-10-31T14:41:22-07:00,6,33
global.js,198,js,00b953dd,BaixiGuo,2025-10-31,14:41:22,-07:00,2025-10-31T14:41:22-07:00,6,19
global.js,199,js,00b953dd,BaixiGuo,2025-10-31,14:41:22,-07:00,2025-10-31T14:41:22-07:00,6,27
global.js,200,js,2e572ad9,BaixiGuo,2025-10-24,15:46:42,-07:00,2025-10-24T15:46:42-07:00,4,0
global.js,201,js,2e572ad9,BaixiGuo,2025-10-24,15:46:42,-07:00,2025-10-24T15:46:42-07:00,0,0
global.js,202,js,2e572ad9,BaixiGuo,2025-10-24,15:46:42,-07:00,2025-10-24T15:46:42-07:00,4,47
global.js,203,js,2e572ad9,BaixiGuo,2025-10-24,15:46:42,-07:00,2025-10-24T15:46:42-07:00,4,36
global.js,204,js,2e572ad9,BaixiGuo,2025-10-24,15:46:42,-07:00,2025-10-24T15:46:42-07:00,2,0
global.js,205,js,2e572ad9,BaixiGuo,2025-10-24,15:46:42,-07:00,2025-10-24T15:46:42-07:00,2,25
global.js,206,js,2e572ad9,BaixiGuo,2025-10-24,15:46:42,-07:00,2025-10-24T15:46:42-07:00,4,65
global.js,207,js,2e572ad9,BaixiGuo,2025-10-24,15:46:42,-07:00,2025-10-24T15:46:42-07:00,2,0
global.js,208,js,2e572ad9,BaixiGuo,2025-10-24,15:46:42,-07:00,2025-10-24T15:46:42-07:00,0,0
global.js,209,js,2e572ad9,BaixiGuo,2025-10-24,15:46:42,-07:00,2025-10-24T15:46:42-07:00,0,0
global.js,210,js,2e572ad9,BaixiGuo,2025-10-24,15:46:42,-07:00,2025-10-24T15:46:42-07:00,0,35
global.js,211,js,2e572ad9,BaixiGuo,2025-10-24,15:46:42,-07:00,2025-10-24T15:46:42-07:00,0,65
global.js,212,js,2e572ad9,BaixiGuo,2025-10-24,15:46:42,-07:00,2025-10-24T15:46:42-07:00,2,55
global.js,213,js,2e572ad9,BaixiGuo,2025-10-24,15:46:42,-07:00,2025-10-24T15:46:42-07:00,2,47
global.js,214,js,2e572ad9,BaixiGuo,2025-10-24,15:46:42,-07:00,2025-10-24T15:46:42-07:00,4,82
global.js,215,js,2e572ad9,BaixiGuo,2025-10-24,15:46:42,-07:00,2025-10-24T15:46:42-07:00,4,5
global.js,216,js,2e572ad9,BaixiGuo,2025-10-24,15:46:42,-07:00,2025-10-24T15:46:42-07:00,2,0
global.js,217,js,2e572ad9,BaixiGuo,2025-10-24,15:46:42,-07:00,2025-10-24T15:46:42-07:00,0,0
global.js,218,js,2e572ad9,BaixiGuo,2025-10-24,15:46:42,-07:00,2025-10-24T15:46:42-07:00,2,50
global.js,219,js,2e572ad9,BaixiGuo,2025-10-24,15:46:42,-07:00,2025-10-24T15:46:42-07:00,2,30
global.js,220,js,2e572ad9,BaixiGuo,2025-10-24,15:46:42,-07:00,2025-10-24T15:46:42-07:00,0,0
global.js,221,js,2e572ad9,BaixiGuo,2025-10-24,15:46:42,-07:00,2025-10-24T15:46:42-07:00,2,32
global.js,222,js,2e572ad9,BaixiGuo,2025-10-24,15:46:42,-07:00,2025-10-24T15:46:42-07:00,2,28
global.js,223,js,2e572ad9,BaixiGuo,2025-10-24,15:46:42,-07:00,2025-10-24T15:46:42-07:00,4,27
global.js,224,js,2e572ad9,BaixiGuo,2025-10-24,15:46:42,-07:00,2025-10-24T15:46:42-07:00,4,23
global.js,225,js,2e572ad9,BaixiGuo,2025-10-24,15:46:42,-07:00,2025-10-24T15:46:42-07:00,0,0
global.js,226,js,2e572ad9,BaixiGuo,2025-10-24,15:46:42,-07:00,2025-10-24T15:46:42-07:00,4,23
global.js,227,js,2e572ad9,BaixiGuo,2025-10-24,15:46:42,-07:00,2025-10-24T15:46:42-07:00,4,25
global.js,228,js,2e572ad9,BaixiGuo,2025-10-24,15:46:42,-07:00,2025-10-24T15:46:42-07:00,5,55
global.js,229,js,2e572ad9,BaixiGuo,2025-10-24,15:46:42,-07:00,2025-10-24T15:46:42-07:00,5,55
global.js,230,js,2e572ad9,BaixiGuo,2025-10-24,15:46:42,-07:00,2025-10-24T15:46:42-07:00,5,49
global.js,231,js,2e572ad9,BaixiGuo,2025-10-24,15:46:42,-07:00,2025-10-24T15:46:42-07:00,5,49
global.js,232,js,2e572ad9,BaixiGuo,2025-10-24,15:46:42,-07:00,2025-10-24T15:46:42-07:00,4,3
global.js,233,js,2e572ad9,BaixiGuo,2025-10-24,15:46:42,-07:00,2025-10-24T15:46:42-07:00,0,0
global.js,234,js,2e572ad9,BaixiGuo,2025-10-24,15:46:42,-07:00,2025-10-24T15:46:42-07:00,4,22
global.js,235,js,2e572ad9,BaixiGuo,2025-10-24,15:46:42,-07:00,2025-10-24T15:46:42-07:00,4,3
global.js,236,js,2e572ad9,BaixiGuo,2025-10-24,15:46:42,-07:00,2025-10-24T15:46:42-07:00,0,0
global.js,237,js,2e572ad9,BaixiGuo,2025-10-24,15:46:42,-07:00,2025-10-24T15:46:42-07:00,4,0
global.js,238,js,2e572ad9,BaixiGuo,2025-10-24,15:46:42,-07:00,2025-10-24T15:46:42-07:00,4,4
global.js,239,js,2e572ad9,BaixiGuo,2025-10-24,15:46:42,-07:00,2025-10-24T15:46:42-07:00,2,0
global.js,240,js,2e572ad9,BaixiGuo,2025-10-24,15:46:42,-07:00,2025-10-24T15:46:42-07:00,0,0
projects/project3_radar.html,1,html,837ba6e1,BaixiGuo,2025-11-05,12:57:56,-08:00,2025-11-05T12:57:56-08:00,0,13
projects/project3_radar.html,2,html,837ba6e1,BaixiGuo,2025-11-05,12:57:56,-08:00,2025-11-05T12:57:56-08:00,0,14
projects/project3_radar.html,3,html,837ba6e1,BaixiGuo,2025-11-05,12:57:56,-08:00,2025-11-05T12:57:56-08:00,0,4
projects/project3_radar.html,4,html,837ba6e1,BaixiGuo,2025-11-05,12:57:56,-08:00,2025-11-05T12:57:56-08:00,1,22
projects/project3_radar.html,5,html,837ba6e1,BaixiGuo,2025-11-05,12:57:56,-08:00,2025-11-05T12:57:56-08:00,1,29
projects/project3_radar.html,6,html,837ba6e1,BaixiGuo,2025-11-05,12:57:56,-08:00,2025-11-05T12:57:56-08:00,1,41
projects/project3_radar.html,7,html,837ba6e1,BaixiGuo,2025-11-05,12:57:56,-08:00,2025-11-05T12:57:56-08:00,1,51
projects/project3_radar.html,8,html,837ba6e1,BaixiGuo,2025-11-05,12:57:56,-08:00,2025-11-05T12:57:56-08:00,1,58
projects/project3_radar.html,9,html,837ba6e1,BaixiGuo,2025-11-05,12:57:56,-08:00,2025-11-05T12:57:56-08:00,0,0
projects/project3_radar.html,10,html,837ba6e1,BaixiGuo,2025-11-05,12:57:56,-08:00,2025-11-05T12:57:56-08:00,1,5
projects/project3_radar.html,11,html,837ba6e1,BaixiGuo,2025-11-05,12:57:56,-08:00,2025-11-05T12:57:56-08:00,2,4
projects/project3_radar.html,12,html,837ba6e1,BaixiGuo,2025-11-05,12:57:56,-08:00,2025-11-05T12:57:56-08:00,3,72
projects/project3_radar.html,13,html,837ba6e1,BaixiGuo,2025-11-05,12:57:56,-08:00,2025-11-05T12:57:56-08:00,3,11
projects/project3_radar.html,14,html,837ba6e1,BaixiGuo,2025-11-05,12:57:56,-08:00,2025-11-05T12:57:56-08:00,2,0
projects/project3_radar.html,15,html,837ba6e1,BaixiGuo,2025-11-05,12:57:56,-08:00,2025-11-05T12:57:56-08:00,0,0
projects/project3_radar.html,16,html,2fab26d2,BaixiGuo,2025-11-07,02:33:56,-08:00,2025-11-07T02:33:56-08:00,2,23
projects/project3_radar.html,17,html,2fab26d2,BaixiGuo,2025-11-07,02:33:56,-08:00,2025-11-07T02:33:56-08:00,3,10
projects/project3_radar.html,18,html,2fab26d2,BaixiGuo,2025-11-07,02:33:56,-08:00,2025-11-07T02:33:56-08:00,2,0
projects/project3_radar.html,19,html,2fab26d2,BaixiGuo,2025-11-07,02:33:56,-08:00,2025-11-07T02:33:56-08:00,0,0
projects/project3_radar.html,20,html,2fab26d2,BaixiGuo,2025-11-07,02:33:56,-08:00,2025-11-07T02:33:56-08:00,2,27
projects/project3_radar.html,21,html,2fab26d2,BaixiGuo,2025-11-07,02:33:56,-08:00,2025-11-07T02:33:56-08:00,3,11
projects/project3_radar.html,22,html,2fab26d2,BaixiGuo,2025-11-07,02:33:56,-08:00,2025-11-07T02:33:56-08:00,2,0
projects/project3_radar.html,23,html,2fab26d2,BaixiGuo,2025-11-07,02:33:56,-08:00,2025-11-07T02:33:56-08:00,0,0
projects/project3_radar.html,24,html,2fab26d2,BaixiGuo,2025-11-07,02:33:56,-08:00,2025-11-07T02:33:56-08:00,2,27
projects/project3_radar.html,25,html,2fab26d2,BaixiGuo,2025-11-07,02:33:56,-08:00,2025-11-07T02:33:56-08:00,3,24
projects/project3_radar.html,26,html,2fab26d2,BaixiGuo,2025-11-07,02:33:56,-08:00,2025-11-07T02:33:56-08:00,3,12
projects/project3_radar.html,27,html,2fab26d2,BaixiGuo,2025-11-07,02:33:56,-08:00,2025-11-07T02:33:56-08:00,3,17
projects/project3_radar.html,28,html,2fab26d2,BaixiGuo,2025-11-07,02:33:56,-08:00,2025-11-07T02:33:56-08:00,3,26
projects/project3_radar.html,29,html,2fab26d2,BaixiGuo,2025-11-07,02:33:56,-08:00,2025-11-07T02:33:56-08:00,2,0
projects/project3_radar.html,30,html,2fab26d2,BaixiGuo,2025-11-07,02:33:56,-08:00,2025-11-07T02:33:56-08:00,0,0
projects/project3_radar.html,31,html,2fab26d2,BaixiGuo,2025-11-07,02:33:56,-08:00,2025-11-07T02:33:56-08:00,2,30
projects/project3_radar.html,32,html,2fab26d2,BaixiGuo,2025-11-07,02:33:56,-08:00,2025-11-07T02:33:56-08:00,3,11
projects/project3_radar.html,33,html,2fab26d2,BaixiGuo,2025-11-07,02:33:56,-08:00,2025-11-07T02:33:56-08:00,2,0
projects/project3_radar.html,34,html,2fab26d2,BaixiGuo,2025-11-07,02:33:56,-08:00,2025-11-07T02:33:56-08:00,0,0
projects/project3_radar.html,35,html,837ba6e1,BaixiGuo,2025-11-05,12:57:56,-08:00,2025-11-05T12:57:56-08:00,2,45
projects/project3_radar.html,36,html,837ba6e1,BaixiGuo,2025-11-05,12:57:56,-08:00,2025-11-05T12:57:56-08:00,2,33
projects/project3_radar.html,37,html,837ba6e1,BaixiGuo,2025-11-05,12:57:56,-08:00,2025-11-05T12:57:56-08:00,2,46
projects/project3_radar.html,38,html,837ba6e1,BaixiGuo,2025-11-05,12:57:56,-08:00,2025-11-05T12:57:56-08:00,2,46
projects/project3_radar.html,39,html,837ba6e1,BaixiGuo,2025-11-05,12:57:56,-08:00,2025-11-05T12:57:56-08:00,2,28
projects/project3_radar.html,40,html,837ba6e1,BaixiGuo,2025-11-05,12:57:56,-08:00,2025-11-05T12:57:56-08:00,0,0
projects/project3_radar.html,41,html,837ba6e1,BaixiGuo,2025-11-05,12:57:56,-08:00,2025-11-05T12:57:56-08:00,2,17
projects/project3_radar.html,42,html,837ba6e1,BaixiGuo,2025-11-05,12:57:56,-08:00,2025-11-05T12:57:56-08:00,3,12
projects/project3_radar.html,43,html,837ba6e1,BaixiGuo,2025-11-05,12:57:56,-08:00,2025-11-05T12:57:56-08:00,3,14
projects/project3_radar.html,44,html,6f90ea5e,BaixiGuo,2025-11-06,12:25:46,-08:00,2025-11-06T12:25:46-08:00,3,29
projects/project3_radar.html,45,html,837ba6e1,BaixiGuo,2025-11-05,12:57:56,-08:00,2025-11-05T12:57:56-08:00,3,8
projects/project3_radar.html,46,html,1dd9d240,BaixiGuo,2025-11-07,00:52:00,-08:00,2025-11-07T00:52:00-08:00,3,18
projects/project3_radar.html,47,html,1dd9d240,BaixiGuo,2025-11-07,00:52:00,-08:00,2025-11-07T00:52:00-08:00,3,12
projects/project3_radar.html,48,html,1dd9d240,BaixiGuo,2025-11-07,00:52:00,-08:00,2025-11-07T00:52:00-08:00,2,0
projects/project3_radar.html,49,html,1dd9d240,BaixiGuo,2025-11-07,00:52:00,-08:00,2025-11-07T00:52:00-08:00,0,0
projects/project3_radar.html,50,html,2fab26d2,BaixiGuo,2025-11-07,02:33:56,-08:00,2025-11-07T02:33:56-08:00,2,42
projects/project3_radar.html,51,html,2fab26d2,BaixiGuo,2025-11-07,02:33:56,-08:00,2025-11-07T02:33:56-08:00,3,21
projects/project3_radar.html,52,html,2fab26d2,BaixiGuo,2025-11-07,02:33:56,-08:00,2025-11-07T02:33:56-08:00,2,0
projects/project3_radar.html,53,html,2fab26d2,BaixiGuo,2025-11-07,02:33:56,-08:00,2025-11-07T02:33:56-08:00,0,0
projects/project3_radar.html,54,html,1dd9d240,BaixiGuo,2025-11-07,00:52:00,-08:00,2025-11-07T00:52:00-08:00,2,16
projects/project3_radar.html,55,html,1dd9d240,BaixiGuo,2025-11-07,00:52:00,-08:00,2025-11-07T00:52:00-08:00,3,11
projects/project3_radar.html,56,html,1dd9d240,BaixiGuo,2025-11-07,00:52:00,-08:00,2025-11-07T00:52:00-08:00,3,21
projects/project3_radar.html,57,html,1dd9d240,BaixiGuo,2025-11-07,00:52:00,-08:00,2025-11-07T00:52:00-08:00,3,6
projects/project3_radar.html,58,html,1dd9d240,BaixiGuo,2025-11-07,00:52:00,-08:00,2025-11-07T00:52:00-08:00,3,12
projects/project3_radar.html,59,html,c2a3fe56,BaixiGuo,2025-11-07,14:07:43,-08:00,2025-11-07T14:07:43-08:00,3,11
projects/project3_radar.html,60,html,837ba6e1,BaixiGuo,2025-11-05,12:57:56,-08:00,2025-11-05T12:57:56-08:00,2,0
projects/project3_radar.html,61,html,837ba6e1,BaixiGuo,2025-11-05,12:57:56,-08:00,2025-11-05T12:57:56-08:00,0,0
projects/project3_radar.html,62,html,837ba6e1,BaixiGuo,2025-11-05,12:57:56,-08:00,2025-11-05T12:57:56-08:00,2,6
projects/project3_radar.html,63,html,1dd9d240,BaixiGuo,2025-11-07,00:52:00,-08:00,2025-11-07T00:52:00-08:00,3,17
projects/project3_radar.html,64,html,1dd9d240,BaixiGuo,2025-11-07,00:52:00,-08:00,2025-11-07T00:52:00-08:00,3,14
projects/project3_radar.html,65,html,1dd9d240,BaixiGuo,2025-11-07,00:52:00,-08:00,2025-11-07T00:52:00-08:00,3,17
projects/project3_radar.html,66,html,1dd9d240,BaixiGuo,2025-11-07,00:52:00,-08:00,2025-11-07T00:52:00-08:00,3,21
projects/project3_radar.html,67,html,1dd9d240,BaixiGuo,2025-11-07,00:52:00,-08:00,2025-11-07T00:52:00-08:00,3,15
projects/project3_radar.html,68,html,1dd9d240,BaixiGuo,2025-11-07,00:52:00,-08:00,2025-11-07T00:52:00-08:00,2,0
projects/project3_radar.html,69,html,1dd9d240,BaixiGuo,2025-11-07,00:52:00,-08:00,2025-11-07T00:52:00-08:00,0,0
projects/project3_radar.html,70,html,1dd9d240,BaixiGuo,2025-11-07,00:52:00,-08:00,2025-11-07T00:52:00-08:00,2,10
projects/project3_radar.html,71,html,1dd9d240,BaixiGuo,2025-11-07,00:52:00,-08:00,2025-11-07T00:52:00-08:00,3,14
projects/project3_radar.html,72,html,1dd9d240,BaixiGuo,2025-11-07,00:52:00,-08:00,2025-11-07T00:52:00-08:00,3,17
projects/project3_radar.html,73,html,1dd9d240,BaixiGuo,2025-11-07,00:52:00,-08:00,2025-11-07T00:52:00-08:00,3,15
projects/project3_radar.html,74,html,1dd9d240,BaixiGuo,2025-11-07,00:52:00,-08:00,2025-11-07T00:52:00-08:00,3,11
projects/project3_radar.html,75,html,1dd9d240,BaixiGuo,2025-11-07,00:52:00,-08:00,2025-11-07T00:52:00-08:00,3,15
projects/project3_radar.html,76,html,1dd9d240,BaixiGuo,2025-11-07,00:52:00,-08:00,2025-11-07T00:52:00-08:00,3,11
projects/project3_radar.html,77,html,1dd9d240,BaixiGuo,2025-11-07,00:52:00,-08:00,2025-11-07T00:52:00-08:00,3,14
projects/project3_radar.html,78,html,1dd9d240,BaixiGuo,2025-11-07,00:52:00,-08:00,2025-11-07T00:52:00-08:00,3,15
projects/project3_radar.html,79,html,837ba6e1,BaixiGuo,2025-11-05,12:57:56,-08:00,2025-11-05T12:57:56-08:00,2,0
projects/project3_radar.html,80,html,1dd9d240,BaixiGuo,2025-11-07,00:52:00,-08:00,2025-11-07T00:52:00-08:00,0,0
projects/project3_radar.html,81,html,1dd9d240,BaixiGuo,2025-11-07,00:52:00,-08:00,2025-11-07T00:52:00-08:00,2,16
projects/project3_radar.html,82,html,1dd9d240,BaixiGuo,2025-11-07,00:52:00,-08:00,2025-11-07T00:52:00-08:00,3,15
projects/project3_radar.html,83,html,1dd9d240,BaixiGuo,2025-11-07,00:52:00,-08:00,2025-11-07T00:52:00-08:00,2,0
projects/project3_radar.html,84,html,1dd9d240,BaixiGuo,2025-11-07,00:52:00,-08:00,2025-11-07T00:52:00-08:00,0,0
projects/project3_radar.html,85,html,837ba6e1,BaixiGuo,2025-11-05,12:57:56,-08:00,2025-11-05T12:57:56-08:00,1,6
projects/project3_radar.html,86,html,837ba6e1,BaixiGuo,2025-11-05,12:57:56,-08:00,2025-11-05T12:57:56-08:00,0,5
projects/project3_radar.html,87,html,837ba6e1,BaixiGuo,2025-11-05,12:57:56,-08:00,2025-11-05T12:57:56-08:00,0,0
projects/project3_radar.html,88,html,837ba6e1,BaixiGuo,2025-11-05,12:57:56,-08:00,2025-11-05T12:57:56-08:00,0,4
projects/project3_radar.html,89,html,1dd9d240,BaixiGuo,2025-11-07,00:52:00,-08:00,2025-11-07T00:52:00-08:00,1,24
projects/project3_radar.html,90,html,837ba6e1,BaixiGuo,2025-11-05,12:57:56,-08:00,2025-11-05T12:57:56-08:00,1,28
projects/project3_radar.html,91,html,1dd9d240,BaixiGuo,2025-11-07,00:52:00,-08:00,2025-11-07T00:52:00-08:00,1,54
projects/project3_radar.html,92,html,6f90ea5e,BaixiGuo,2025-11-06,12:25:46,-08:00,2025-11-06T12:25:46-08:00,1,34
projects/project3_radar.html,93,html,1dd9d240,BaixiGuo,2025-11-07,00:52:00,-08:00,2025-11-07T00:52:00-08:00,1,18
projects/project3_radar.html,94,html,1dd9d240,BaixiGuo,2025-11-07,00:52:00,-08:00,2025-11-07T00:52:00-08:00,1,27
projects/project3_radar.html,95,html,1dd9d240,BaixiGuo,2025-11-07,00:52:00,-08:00,2025-11-07T00:52:00-08:00,2,31
projects/project3_radar.html,96,html,1dd9d240,BaixiGuo,2025-11-07,00:52:00,-08:00,2025-11-07T00:52:00-08:00,2,20
projects/project3_radar.html,97,html,1dd9d240,BaixiGuo,2025-11-07,00:52:00,-08:00,2025-11-07T00:52:00-08:00,2,57
projects/project3_radar.html,98,html,1dd9d240,BaixiGuo,2025-11-07,00:52:00,-08:00,2025-11-07T00:52:00-08:00,1,4
projects/project3_radar.html,99,html,c2a3fe56,BaixiGuo,2025-11-07,14:07:43,-08:00,2025-11-07T14:07:43-08:00,0,28
projects/project3_radar.html,100,html,c2a3fe56,BaixiGuo,2025-11-07,14:07:43,-08:00,2025-11-07T14:07:43-08:00,2,15
projects/project3_radar.html,101,html,c2a3fe56,BaixiGuo,2025-11-07,14:07:43,-08:00,2025-11-07T14:07:43-08:00,2,17
projects/project3_radar.html,102,html,c2a3fe56,BaixiGuo,2025-11-07,14:07:43,-08:00,2025-11-07T14:07:43-08:00,2,21
projects/project3_radar.html,103,html,c2a3fe56,BaixiGuo,2025-11-07,14:07:43,-08:00,2025-11-07T14:07:43-08:00,2,17
projects/project3_radar.html,104,html,c2a3fe56,BaixiGuo,2025-11-07,14:07:43,-08:00,2025-11-07T14:07:43-08:00,2,24
projects/project3_radar.html,105,html,c2a3fe56,BaixiGuo,2025-11-07,14:07:43,-08:00,2025-11-07T14:07:43-08:00,2,14
projects/project3_radar.html,106,html,c2a3fe56,BaixiGuo,2025-11-07,14:07:43,-08:00,2025-11-07T14:07:43-08:00,2,16
projects/project3_radar.html,107,html,c2a3fe56,BaixiGuo,2025-11-07,14:07:43,-08:00,2025-11-07T14:07:43-08:00,0,0
projects/project3_radar.html,108,html,c2a3fe56,BaixiGuo,2025-11-07,14:07:43,-08:00,2025-11-07T14:07:43-08:00,1,56
projects/project3_radar.html,109,html,c2a3fe56,BaixiGuo,2025-11-07,14:07:43,-08:00,2025-11-07T14:07:43-08:00,1,41
projects/project3_radar.html,110,html,c2a3fe56,BaixiGuo,2025-11-07,14:07:43,-08:00,2025-11-07T14:07:43-08:00,2,73
projects/project3_radar.html,111,html,c2a3fe56,BaixiGuo,2025-11-07,14:07:43,-08:00,2025-11-07T14:07:43-08:00,2,69
projects/project3_radar.html,112,html,c2a3fe56,BaixiGuo,2025-11-07,14:07:43,-08:00,2025-11-07T14:07:43-08:00,2,60
projects/project3_radar.html,113,html,c2a3fe56,BaixiGuo,2025-11-07,14:07:43,-08:00,2025-11-07T14:07:43-08:00,2,102
projects/project3_radar.html,114,html,c2a3fe56,BaixiGuo,2025-11-07,14:07:43,-08:00,2025-11-07T14:07:43-08:00,1,3
projects/project3_radar.html,115,html,c2a3fe56,BaixiGuo,2025-11-07,14:07:43,-08:00,2025-11-07T14:07:43-08:00,0,4
projects/project3_radar.html,116,html,c2a3fe56,BaixiGuo,2025-11-07,14:07:43,-08:00,2025-11-07T14:07:43-08:00,0,0
projects/project3_radar.html,117,html,837ba6e1,BaixiGuo,2025-11-05,12:57:56,-08:00,2025-11-05T12:57:56-08:00,0,5
projects/project3_radar.html,118,html,1dd9d240,BaixiGuo,2025-11-07,00:52:00,-08:00,2025-11-07T00:52:00-08:00,0,5
projects/project3_interactive.html,1,html,7c2cf473,BaixiGuo,2025-10-30,00:47:21,-07:00,2025-10-30T00:47:21-07:00,0,4
projects/project3_interactive.html,2,html,7c2cf473,BaixiGuo,2025-10-30,00:47:21,-07:00,2025-10-30T00:47:21-07:00,0,35
projects/project3_interactive.html,3,html,7c2cf473,BaixiGuo,2025-10-30,00:47:21,-07:00,2025-10-30T00:47:21-07:00,0,4
projects/project3_interactive.html,4,html,7c2cf473,BaixiGuo,2025-10-30,00:47:21,-07:00,2025-10-30T00:47:21-07:00,2,114
projects/project3_interactive.html,5,html,7c2cf473,BaixiGuo,2025-10-30,00:47:21,-07:00,2025-10-30T00:47:21-07:00,4,32
projects/project3_interactive.html,6,html,7c2cf473,BaixiGuo,2025-10-30,00:47:21,-07:00,2025-10-30T00:47:21-07:00,0,17
projects/project3_interactive.html,7,html,7c2cf473,BaixiGuo,2025-10-30,00:47:21,-07:00,2025-10-30T00:47:21-07:00,0,33
projects/project3_interactive.html,8,html,7c2cf473,BaixiGuo,2025-10-30,00:47:21,-07:00,2025-10-30T00:47:21-07:00,0,20
projects/project3_interactive.html,9,html,7c2cf473,BaixiGuo,2025-10-30,00:47:21,-07:00,2025-10-30T00:47:21-07:00,0,30
projects/project3_interactive.html,10,html,7c2cf473,BaixiGuo,2025-10-30,00:47:21,-07:00,2025-10-30T00:47:21-07:00,0,0
projects/project3_interactive.html,11,html,7c2cf473,BaixiGuo,2025-10-30,00:47:21,-07:00,2025-10-30T00:47:21-07:00,0,65
projects/project3_interactive.html,12,html,7c2cf473,BaixiGuo,2025-10-30,00:47:21,-07:00,2025-10-30T00:47:21-07:00,0,4571191
projects/project3_interactive.html,13,html,7c2cf473,BaixiGuo,2025-10-30,00:47:21,-07:00,2025-10-30T00:47:21-07:00,0,5
projects/project3_interactive.html,14,html,7c2cf473,BaixiGuo,2025-10-30,00:47:21,-07:00,2025-10-30T00:47:21-07:00,0,5
projects/project2_deceptive.html,1,html,2e572ad9,BaixiGuo,2025-10-24,15:46:42,-07:00,2025-10-24T15:46:42-07:00,0,13
projects/project2_deceptive.html,2,html,2e572ad9,BaixiGuo,2025-10-24,15:46:42,-07:00,2025-10-24T15:46:42-07:00,0,14
projects/project2_deceptive.html,3,html,2e572ad9,BaixiGuo,2025-10-24,15:46:42,-07:00,2025-10-24T15:46:42-07:00,1,4
projects/project2_deceptive.html,4,html,2e572ad9,BaixiGuo,2025-10-24,15:46:42,-07:00,2025-10-24T15:46:42-07:00,2,20
projects/project2_deceptive.html,5,html,2e572ad9,BaixiGuo,2025-10-24,15:46:42,-07:00,2025-10-24T15:46:42-07:00,2,68
projects/project2_deceptive.html,6,html,2e572ad9,BaixiGuo,2025-10-24,15:46:42,-07:00,2025-10-24T15:46:42-07:00,2,29
projects/project2_deceptive.html,7,html,2e572ad9,BaixiGuo,2025-10-24,15:46:42,-07:00,2025-10-24T15:46:42-07:00,2,41
projects/project2_deceptive.html,8,html,2e572ad9,BaixiGuo,2025-10-24,15:46:42,-07:00,2025-10-24T15:46:42-07:00,2,48
projects/project2_deceptive.html,9,html,2e572ad9,BaixiGuo,2025-10-24,15:46:42,-07:00,2025-10-24T15:46:42-07:00,2,58
projects/project2_deceptive.html,10,html,2e572ad9,BaixiGuo,2025-10-24,15:46:42,-07:00,2025-10-24T15:46:42-07:00,2,5
projects/project2_deceptive.html,11,html,2e572ad9,BaixiGuo,2025-10-24,15:46:42,-07:00,2025-10-24T15:46:42-07:00,3,5
projects/project2_deceptive.html,12,html,2e572ad9,BaixiGuo,2025-10-24,15:46:42,-07:00,2025-10-24T15:46:42-07:00,4,35
projects/project2_deceptive.html,13,html,2e572ad9,BaixiGuo,2025-10-24,15:46:42,-07:00,2025-10-24T15:46:42-07:00,4,35
projects/project2_deceptive.html,14,html,2e572ad9,BaixiGuo,2025-10-24,15:46:42,-07:00,2025-10-24T15:46:42-07:00,4,35
projects/project2_deceptive.html,15,html,2e572ad9,BaixiGuo,2025-10-24,15:46:42,-07:00,2025-10-24T15:46:42-07:00,4,35
projects/project2_deceptive.html,16,html,2e572ad9,BaixiGuo,2025-10-24,15:46:42,-07:00,2025-10-24T15:46:42-07:00,4,35
projects/project2_deceptive.html,17,html,2e572ad9,BaixiGuo,2025-10-24,15:46:42,-07:00,2025-10-24T15:46:42-07:00,4,35
projects/project2_deceptive.html,18,html,2e572ad9,BaixiGuo,2025-10-24,15:46:42,-07:00,2025-10-24T15:46:42-07:00,4,35
projects/project2_deceptive.html,19,html,2e572ad9,BaixiGuo,2025-10-24,15:46:42,-07:00,2025-10-24T15:46:42-07:00,4,35
projects/project2_deceptive.html,20,html,2e572ad9,BaixiGuo,2025-10-24,15:46:42,-07:00,2025-10-24T15:46:42-07:00,4,35
projects/project2_deceptive.html,21,html,2e572ad9,BaixiGuo,2025-10-24,15:46:42,-07:00,2025-10-24T15:46:42-07:00,4,35
projects/project2_deceptive.html,22,html,2e572ad9,BaixiGuo,2025-10-24,15:46:42,-07:00,2025-10-24T15:46:42-07:00,3,0
projects/project2_deceptive.html,23,html,2e572ad9,BaixiGuo,2025-10-24,15:46:42,-07:00,2025-10-24T15:46:42-07:00,0,0
projects/project2_deceptive.html,24,html,2e572ad9,BaixiGuo,2025-10-24,15:46:42,-07:00,2025-10-24T15:46:42-07:00,3,10
projects/project2_deceptive.html,25,html,2e572ad9,BaixiGuo,2025-10-24,15:46:42,-07:00,2025-10-24T15:46:42-07:00,4,10
projects/project2_deceptive.html,26,html,2e572ad9,BaixiGuo,2025-10-24,15:46:42,-07:00,2025-10-24T15:46:42-07:00,4,16
projects/project2_deceptive.html,27,html,2e572ad9,BaixiGuo,2025-10-24,15:46:42,-07:00,2025-10-24T15:46:42-07:00,3,0
projects/project2_deceptive.html,28,html,2e572ad9,BaixiGuo,2025-10-24,15:46:42,-07:00,2025-10-24T15:46:42-07:00,0,0
projects/project2_deceptive.html,29,html,2e572ad9,BaixiGuo,2025-10-24,15:46:42,-07:00,2025-10-24T15:46:42-07:00,3,4
projects/project2_deceptive.html,30,html,2e572ad9,BaixiGuo,2025-10-24,15:46:42,-07:00,2025-10-24T15:46:42-07:00,4,23
projects/project2_deceptive.html,31,html,2e572ad9,BaixiGuo,2025-10-24,15:46:42,-07:00,2025-10-24T15:46:42-07:00,4,20
projects/project2_deceptive.html,32,html,2e572ad9,BaixiGuo,2025-10-24,15:46:42,-07:00,2025-10-24T15:46:42-07:00,4,34
projects/project2_deceptive.html,33,html,2e572ad9,BaixiGuo,2025-10-24,15:46:42,-07:00,2025-10-24T15:46:42-07:00,4,31
projects/project2_deceptive.html,34,html,2e572ad9,BaixiGuo,2025-10-24,15:46:42,-07:00,2025-10-24T15:46:42-07:00,4,13
projects/project2_deceptive.html,35,html,2e572ad9,BaixiGuo,2025-10-24,15:46:42,-07:00,2025-10-24T15:46:42-07:00,4,16
projects/project2_deceptive.html,36,html,2e572ad9,BaixiGuo,2025-10-24,15:46:42,-07:00,2025-10-24T15:46:42-07:00,4,17
projects/project2_deceptive.html,37,html,2e572ad9,BaixiGuo,2025-10-24,15:46:42,-07:00,2025-10-24T15:46:42-07:00,3,0
projects/project2_deceptive.html,38,html,2e572ad9,BaixiGuo,2025-10-24,15:46:42,-07:00,2025-10-24T15:46:42-07:00,0,0
projects/project2_deceptive.html,39,html,2e572ad9,BaixiGuo,2025-10-24,15:46:42,-07:00,2025-10-24T15:46:42-07:00,3,4
projects/project2_deceptive.html,40,html,2e572ad9,BaixiGuo,2025-10-24,15:46:42,-07:00,2025-10-24T15:46:42-07:00,4,16
projects/project2_deceptive.html,41,html,2e572ad9,BaixiGuo,2025-10-24,15:46:42,-07:00,2025-10-24T15:46:42-07:00,4,17
projects/project2_deceptive.html,42,html,2e572ad9,BaixiGuo,2025-10-24,15:46:42,-07:00,2025-10-24T15:46:42-07:00,3,0
projects/project2_deceptive.html,43,html,2e572ad9,BaixiGuo,2025-10-24,15:46:42,-07:00,2025-10-24T15:46:42-07:00,0,0
projects/project2_deceptive.html,44,html,2e572ad9,BaixiGuo,2025-10-24,15:46:42,-07:00,2025-10-24T15:46:42-07:00,3,12
projects/project2_deceptive.html,45,html,2e572ad9,BaixiGuo,2025-10-24,15:46:42,-07:00,2025-10-24T15:46:42-07:00,0,0
projects/project2_deceptive.html,46,html,2e572ad9,BaixiGuo,2025-10-24,15:46:42,-07:00,2025-10-24T15:46:42-07:00,3,1
projects/project2_deceptive.html,47,html,2e572ad9,BaixiGuo,2025-10-24,15:46:42,-07:00,2025-10-24T15:46:42-07:00,3,1
projects/project2_deceptive.html,48,html,2e572ad9,BaixiGuo,2025-10-24,15:46:42,-07:00,2025-10-24T15:46:42-07:00,3,1
projects/project2_deceptive.html,49,html,2e572ad9,BaixiGuo,2025-10-24,15:46:42,-07:00,2025-10-24T15:46:42-07:00,3,1
projects/project2_deceptive.html,50,html,2e572ad9,BaixiGuo,2025-10-24,15:46:42,-07:00,2025-10-24T15:46:42-07:00,3,1
projects/project2_deceptive.html,51,html,2e572ad9,BaixiGuo,2025-10-24,15:46:42,-07:00,2025-10-24T15:46:42-07:00,3,2
projects/project2_deceptive.html,52,html,2e572ad9,BaixiGuo,2025-10-24,15:46:42,-07:00,2025-10-24T15:46:42-07:00,4,15
projects/project2_deceptive.html,53,html,2e572ad9,BaixiGuo,2025-10-24,15:46:42,-07:00,2025-10-24T15:46:42-07:00,4,15
projects/project2_deceptive.html,54,html,2e572ad9,BaixiGuo,2025-10-24,15:46:42,-07:00,2025-10-24T15:46:42-07:00,4,17
projects/project2_deceptive.html,55,html,2e572ad9,BaixiGuo,2025-10-24,15:46:42,-07:00,2025-10-24T15:46:42-07:00,3,0
projects/project2_deceptive.html,56,html,2e572ad9,BaixiGuo,2025-10-24,15:46:42,-07:00,2025-10-24T15:46:42-07:00,0,0
projects/project2_deceptive.html,57,html,2e572ad9,BaixiGuo,2025-10-24,15:46:42,-07:00,2025-10-24T15:46:42-07:00,3,1
projects/project2_deceptive.html,58,html,2e572ad9,BaixiGuo,2025-10-24,15:46:42,-07:00,2025-10-24T15:46:42-07:00,3,2
projects/project2_deceptive.html,59,html,2e572ad9,BaixiGuo,2025-10-24,15:46:42,-07:00,2025-10-24T15:46:42-07:00,4,47
projects/project2_deceptive.html,60,html,2e572ad9,BaixiGuo,2025-10-24,15:46:42,-07:00,2025-10-24T15:46:42-07:00,4,20
projects/project2_deceptive.html,61,html,2e572ad9,BaixiGuo,2025-10-24,15:46:42,-07:00,2025-10-24T15:46:42-07:00,3,0
projects/project2_deceptive.html,62,html,2e572ad9,BaixiGuo,2025-10-24,15:46:42,-07:00,2025-10-24T15:46:42-07:00,0,0
projects/project2_deceptive.html,63,html,2e572ad9,BaixiGuo,2025-10-24,15:46:42,-07:00,2025-10-24T15:46:42-07:00,3,2
projects/project2_deceptive.html,64,html,2e572ad9,BaixiGuo,2025-10-24,15:46:42,-07:00,2025-10-24T15:46:42-07:00,4,23
projects/project2_deceptive.html,65,html,2e572ad9,BaixiGuo,2025-10-24,15:46:42,-07:00,2025-10-24T15:46:42-07:00,4,48
projects/project2_deceptive.html,66,html,2e572ad9,BaixiGuo,2025-10-24,15:46:42,-07:00,2025-10-24T15:46:42-07:00,4,15
projects/project2_deceptive.html,67,html,2e572ad9,BaixiGuo,2025-10-24,15:46:42,-07:00,2025-10-24T15:46:42-07:00,0,0
projects/project2_deceptive.html,68,html,2e572ad9,BaixiGuo,2025-10-24,15:46:42,-07:00,2025-10-24T15:46:42-07:00,4,5
projects/project2_deceptive.html,69,html,2e572ad9,BaixiGuo,2025-10-24,15:46:42,-07:00,2025-10-24T15:46:42-07:00,5,13
projects/project2_deceptive.html,70,html,2e572ad9,BaixiGuo,2025-10-24,15:46:42,-07:00,2025-10-24T15:46:42-07:00,5,17
projects/project2_deceptive.html,71,html,2e572ad9,BaixiGuo,2025-10-24,15:46:42,-07:00,2025-10-24T15:46:42-07:00,5,19
projects/project2_deceptive.html,72,html,2e572ad9,BaixiGuo,2025-10-24,15:46:42,-07:00,2025-10-24T15:46:42-07:00,5,18
projects/project2_deceptive.html,73,html,2e572ad9,BaixiGuo,2025-10-24,15:46:42,-07:00,2025-10-24T15:46:42-07:00,5,11
projects/project2_deceptive.html,74,html,2e572ad9,BaixiGuo,2025-10-24,15:46:42,-07:00,2025-10-24T15:46:42-07:00,5,34
projects/project2_deceptive.html,75,html,2e572ad9,BaixiGuo,2025-10-24,15:46:42,-07:00,2025-10-24T15:46:42-07:00,5,13
projects/project2_deceptive.html,76,html,2e572ad9,BaixiGuo,2025-10-24,15:46:42,-07:00,2025-10-24T15:46:42-07:00,5,24
projects/project2_deceptive.html,77,html,2e572ad9,BaixiGuo,2025-10-24,15:46:42,-07:00,2025-10-24T15:46:42-07:00,5,18
projects/project2_deceptive.html,78,html,2e572ad9,BaixiGuo,2025-10-24,15:46:42,-07:00,2025-10-24T15:46:42-07:00,4,0
projects/project2_deceptive.html,79,html,2e572ad9,BaixiGuo,2025-10-24,15:46:42,-07:00,2025-10-24T15:46:42-07:00,3,0
projects/project2_deceptive.html,80,html,2e572ad9,BaixiGuo,2025-10-24,15:46:42,-07:00,2025-10-24T15:46:42-07:00,0,0
projects/project2_deceptive.html,81,html,2e572ad9,BaixiGuo,2025-10-24,15:46:42,-07:00,2025-10-24T15:46:42-07:00,3,2
projects/project2_deceptive.html,82,html,2e572ad9,BaixiGuo,2025-10-24,15:46:42,-07:00,2025-10-24T15:46:42-07:00,4,14
projects/project2_deceptive.html,83,html,2e572ad9,BaixiGuo,2025-10-24,15:46:42,-07:00,2025-10-24T15:46:42-07:00,4,29
projects/project2_deceptive.html,84,html,2e572ad9,BaixiGuo,2025-10-24,15:46:42,-07:00,2025-10-24T15:46:42-07:00,3,0
projects/project2_deceptive.html,85,html,2e572ad9,BaixiGuo,2025-10-24,15:46:42,-07:00,2025-10-24T15:46:42-07:00,0,0
projects/project2_deceptive.html,86,html,2e572ad9,BaixiGuo,2025-10-24,15:46:42,-07:00,2025-10-24T15:46:42-07:00,3,2
projects/project2_deceptive.html,87,html,2e572ad9,BaixiGuo,2025-10-24,15:46:42,-07:00,2025-10-24T15:46:42-07:00,4,14
projects/project2_deceptive.html,88,html,2e572ad9,BaixiGuo,2025-10-24,15:46:42,-07:00,2025-10-24T15:46:42-07:00,3,0
projects/project2_deceptive.html,89,html,2e572ad9,BaixiGuo,2025-10-24,15:46:42,-07:00,2025-10-24T15:46:42-07:00,0,0
projects/project2_deceptive.html,90,html,2e572ad9,BaixiGuo,2025-10-24,15:46:42,-07:00,2025-10-24T15:46:42-07:00,3,9
projects/project2_deceptive.html,91,html,2e572ad9,BaixiGuo,2025-10-24,15:46:42,-07:00,2025-10-24T15:46:42-07:00,0,0
projects/project2_deceptive.html,92,html,2e572ad9,BaixiGuo,2025-10-24,15:46:42,-07:00,2025-10-24T15:46:42-07:00,3,1
projects/project2_deceptive.html,93,html,2e572ad9,BaixiGuo,2025-10-24,15:46:42,-07:00,2025-10-24T15:46:42-07:00,3,2
projects/project2_deceptive.html,94,html,2e572ad9,BaixiGuo,2025-10-24,15:46:42,-07:00,2025-10-24T15:46:42-07:00,4,24
projects/project2_deceptive.html,95,html,2e572ad9,BaixiGuo,2025-10-24,15:46:42,-07:00,2025-10-24T15:46:42-07:00,3,0
projects/project2_deceptive.html,96,html,2e572ad9,BaixiGuo,2025-10-24,15:46:42,-07:00,2025-10-24T15:46:42-07:00,0,0
projects/project2_deceptive.html,97,html,2e572ad9,BaixiGuo,2025-10-24,15:46:42,-07:00,2025-10-24T15:46:42-07:00,3,2
projects/project2_deceptive.html,98,html,2e572ad9,BaixiGuo,2025-10-24,15:46:42,-07:00,2025-10-24T15:46:42-07:00,4,9
projects/project2_deceptive.html,99,html,2e572ad9,BaixiGuo,2025-10-24,15:46:42,-07:00,2025-10-24T15:46:42-07:00,5,29
projects/project2_deceptive.html,100,html,2e572ad9,BaixiGuo,2025-10-24,15:46:42,-07:00,2025-10-24T15:46:42-07:00,4,0
projects/project2_deceptive.html,101,html,2e572ad9,BaixiGuo,2025-10-24,15:46:42,-07:00,2025-10-24T15:46:42-07:00,0,0
projects/project2_deceptive.html,102,html,2e572ad9,BaixiGuo,2025-10-24,15:46:42,-07:00,2025-10-24T15:46:42-07:00,4,4
projects/project2_deceptive.html,103,html,2e572ad9,BaixiGuo,2025-10-24,15:46:42,-07:00,2025-10-24T15:46:42-07:00,5,16
projects/project2_deceptive.html,104,html,2e572ad9,BaixiGuo,2025-10-24,15:46:42,-07:00,2025-10-24T15:46:42-07:00,4,0
projects/project2_deceptive.html,105,html,2e572ad9,BaixiGuo,2025-10-24,15:46:42,-07:00,2025-10-24T15:46:42-07:00,3,0
projects/project2_deceptive.html,106,html,2e572ad9,BaixiGuo,2025-10-24,15:46:42,-07:00,2025-10-24T15:46:42-07:00,0,0
projects/project2_deceptive.html,107,html,2e572ad9,BaixiGuo,2025-10-24,15:46:42,-07:00,2025-10-24T15:46:42-07:00,3,23
projects/project2_deceptive.html,108,html,2e572ad9,BaixiGuo,2025-10-24,15:46:42,-07:00,2025-10-24T15:46:42-07:00,0,0
projects/project2_deceptive.html,109,html,2e572ad9,BaixiGuo,2025-10-24,15:46:42,-07:00,2025-10-24T15:46:42-07:00,3,6
projects/project2_deceptive.html,110,html,2e572ad9,BaixiGuo,2025-10-24,15:46:42,-07:00,2025-10-24T15:46:42-07:00,4,17
projects/project2_deceptive.html,111,html,2e572ad9,BaixiGuo,2025-10-24,15:46:42,-07:00,2025-10-24T15:46:42-07:00,4,17
projects/project2_deceptive.html,112,html,2e572ad9,BaixiGuo,2025-10-24,15:46:42,-07:00,2025-10-24T15:46:42-07:00,3,0
projects/project2_deceptive.html,113,html,2e572ad9,BaixiGuo,2025-10-24,15:46:42,-07:00,2025-10-24T15:46:42-07:00,0,0
projects/project2_deceptive.html,114,html,2e572ad9,BaixiGuo,2025-10-24,15:46:42,-07:00,2025-10-24T15:46:42-07:00,3,4
projects/project2_deceptive.html,115,html,2e572ad9,BaixiGuo,2025-10-24,15:46:42,-07:00,2025-10-24T15:46:42-07:00,4,16
projects/project2_deceptive.html,116,html,2e572ad9,BaixiGuo,2025-10-24,15:46:42,-07:00,2025-10-24T15:46:42-07:00,4,29
projects/project2_deceptive.html,117,html,2e572ad9,BaixiGuo,2025-10-24,15:46:42,-07:00,2025-10-24T15:46:42-07:00,4,18
projects/project2_deceptive.html,118,html,2e572ad9,BaixiGuo,2025-10-24,15:46:42,-07:00,2025-10-24T15:46:42-07:00,4,19
projects/project2_deceptive.html,119,html,2e572ad9,BaixiGuo,2025-10-24,15:46:42,-07:00,2025-10-24T15:46:42-07:00,3,0
projects/project2_deceptive.html,120,html,2e572ad9,BaixiGuo,2025-10-24,15:46:42,-07:00,2025-10-24T15:46:42-07:00,0,0
projects/project2_deceptive.html,121,html,2e572ad9,BaixiGuo,2025-10-24,15:46:42,-07:00,2025-10-24T15:46:42-07:00,3,11
projects/project2_deceptive.html,122,html,2e572ad9,BaixiGuo,2025-10-24,15:46:42,-07:00,2025-10-24T15:46:42-07:00,0,0
projects/project2_deceptive.html,123,html,2e572ad9,BaixiGuo,2025-10-24,15:46:42,-07:00,2025-10-24T15:46:42-07:00,3,6
projects/project2_deceptive.html,124,html,2e572ad9,BaixiGuo,2025-10-24,15:46:42,-07:00,2025-10-24T15:46:42-07:00,4,12
projects/project2_deceptive.html,125,html,2e572ad9,BaixiGuo,2025-10-24,15:46:42,-07:00,2025-10-24T15:46:42-07:00,4,14
projects/project2_deceptive.html,126,html,2e572ad9,BaixiGuo,2025-10-24,15:46:42,-07:00,2025-10-24T15:46:42-07:00,4,20
projects/project2_deceptive.html,127,html,2e572ad9,BaixiGuo,2025-10-24,15:46:42,-07:00,2025-10-24T15:46:42-07:00,4,40
projects/project2_deceptive.html,128,html,2e572ad9,BaixiGuo,2025-10-24,15:46:42,-07:00,2025-10-24T15:46:42-07:00,4,48
projects/project2_deceptive.html,129,html,2e572ad9,BaixiGuo,2025-10-24,15:46:42,-07:00,2025-10-24T15:46:42-07:00,4,17
projects/project2_deceptive.html,130,html,2e572ad9,BaixiGuo,2025-10-24,15:46:42,-07:00,2025-10-24T15:46:42-07:00,4,16
projects/project2_deceptive.html,131,html,2e572ad9,BaixiGuo,2025-10-24,15:46:42,-07:00,2025-10-24T15:46:42-07:00,0,0
projects/project2_deceptive.html,132,html,2e572ad9,BaixiGuo,2025-10-24,15:46:42,-07:00,2025-10-24T15:46:42-07:00,4,5
projects/project2_deceptive.html,133,html,2e572ad9,BaixiGuo,2025-10-24,15:46:42,-07:00,2025-10-24T15:46:42-07:00,5,13
projects/project2_deceptive.html,134,html,2e572ad9,BaixiGuo,2025-10-24,15:46:42,-07:00,2025-10-24T15:46:42-07:00,5,14
projects/project2_deceptive.html,135,html,2e572ad9,BaixiGuo,2025-10-24,15:46:42,-07:00,2025-10-24T15:46:42-07:00,5,11
projects/project2_deceptive.html,136,html,2e572ad9,BaixiGuo,2025-10-24,15:46:42,-07:00,2025-10-24T15:46:42-07:00,5,13
projects/project2_deceptive.html,137,html,2e572ad9,BaixiGuo,2025-10-24,15:46:42,-07:00,2025-10-24T15:46:42-07:00,4,0
projects/project2_deceptive.html,138,html,2e572ad9,BaixiGuo,2025-10-24,15:46:42,-07:00,2025-10-24T15:46:42-07:00,0,0
projects/project2_deceptive.html,139,html,2e572ad9,BaixiGuo,2025-10-24,15:46:42,-07:00,2025-10-24T15:46:42-07:00,4,12
projects/project2_deceptive.html,140,html,2e572ad9,BaixiGuo,2025-10-24,15:46:42,-07:00,2025-10-24T15:46:42-07:00,5,29
projects/project2_deceptive.html,141,html,2e572ad9,BaixiGuo,2025-10-24,15:46:42,-07:00,2025-10-24T15:46:42-07:00,5,34
projects/project2_deceptive.html,142,html,2e572ad9,BaixiGuo,2025-10-24,15:46:42,-07:00,2025-10-24T15:46:42-07:00,5,14
projects/project2_deceptive.html,143,html,2e572ad9,BaixiGuo,2025-10-24,15:46:42,-07:00,2025-10-24T15:46:42-07:00,5,14
projects/project2_deceptive.html,144,html,2e572ad9,BaixiGuo,2025-10-24,15:46:42,-07:00,2025-10-24T15:46:42-07:00,5,17
projects/project2_deceptive.html,145,html,2e572ad9,BaixiGuo,2025-10-24,15:46:42,-07:00,2025-10-24T15:46:42-07:00,5,24
projects/project2_deceptive.html,146,html,2e572ad9,BaixiGuo,2025-10-24,15:46:42,-07:00,2025-10-24T15:46:42-07:00,5,15
projects/project2_deceptive.html,147,html,2e572ad9,BaixiGuo,2025-10-24,15:46:42,-07:00,2025-10-24T15:46:42-07:00,0,0
projects/project2_deceptive.html,148,html,2e572ad9,BaixiGuo,2025-10-24,15:46:42,-07:00,2025-10-24T15:46:42-07:00,5,9
projects/project2_deceptive.html,149,html,2e572ad9,BaixiGuo,2025-10-24,15:46:42,-07:00,2025-10-24T15:46:42-07:00,6,38
projects/project2_deceptive.html,150,html,2e572ad9,BaixiGuo,2025-10-24,15:46:42,-07:00,2025-10-24T15:46:42-07:00,6,16
projects/project2_deceptive.html,151,html,2e572ad9,BaixiGuo,2025-10-24,15:46:42,-07:00,2025-10-24T15:46:42-07:00,6,29
projects/project2_deceptive.html,152,html,2e572ad9,BaixiGuo,2025-10-24,15:46:42,-07:00,2025-10-24T15:46:42-07:00,5,0
projects/project2_deceptive.html,153,html,2e572ad9,BaixiGuo,2025-10-24,15:46:42,-07:00,2025-10-24T15:46:42-07:00,0,0
projects/project2_deceptive.html,154,html,2e572ad9,BaixiGuo,2025-10-24,15:46:42,-07:00,2025-10-24T15:46:42-07:00,5,30
projects/project2_deceptive.html,155,html,2e572ad9,BaixiGuo,2025-10-24,15:46:42,-07:00,2025-10-24T15:46:42-07:00,6,13
projects/project2_deceptive.html,156,html,2e572ad9,BaixiGuo,2025-10-24,15:46:42,-07:00,2025-10-24T15:46:42-07:00,6,25
projects/project2_deceptive.html,157,html,2e572ad9,BaixiGuo,2025-10-24,15:46:42,-07:00,2025-10-24T15:46:42-07:00,6,31
projects/project2_deceptive.html,158,html,2e572ad9,BaixiGuo,2025-10-24,15:46:42,-07:00,2025-10-24T15:46:42-07:00,7,5
projects/project2_deceptive.html,159,html,2e572ad9,BaixiGuo,2025-10-24,15:46:42,-07:00,2025-10-24T15:46:42-07:00,7,11
projects/project2_deceptive.html,160,html,2e572ad9,BaixiGuo,2025-10-24,15:46:42,-07:00,2025-10-24T15:46:42-07:00,7,13
projects/project2_deceptive.html,161,html,2e572ad9,BaixiGuo,2025-10-24,15:46:42,-07:00,2025-10-24T15:46:42-07:00,6,0
projects/project2_deceptive.html,162,html,2e572ad9,BaixiGuo,2025-10-24,15:46:42,-07:00,2025-10-24T15:46:42-07:00,5,0
projects/project2_deceptive.html,163,html,2e572ad9,BaixiGuo,2025-10-24,15:46:42,-07:00,2025-10-24T15:46:42-07:00,4,0
projects/project2_deceptive.html,164,html,2e572ad9,BaixiGuo,2025-10-24,15:46:42,-07:00,2025-10-24T15:46:42-07:00,3,0
projects/project2_deceptive.html,165,html,2e572ad9,BaixiGuo,2025-10-24,15:46:42,-07:00,2025-10-24T15:46:42-07:00,2,6
projects/project2_deceptive.html,166,html,2e572ad9,BaixiGuo,2025-10-24,15:46:42,-07:00,2025-10-24T15:46:42-07:00,1,5
projects/project2_deceptive.html,167,html,2e572ad9,BaixiGuo,2025-10-24,15:46:42,-07:00,2025-10-24T15:46:42-07:00,0,0
projects/project2_deceptive.html,168,html,2e572ad9,BaixiGuo,2025-10-24,15:46:42,-07:00,2025-10-24T15:46:42-07:00,1,4
projects/project2_deceptive.html,169,html,2e572ad9,BaixiGuo,2025-10-24,15:46:42,-07:00,2025-10-24T15:46:42-07:00,2,20
projects/project2_deceptive.html,170,html,2e572ad9,BaixiGuo,2025-10-24,15:46:42,-07:00,2025-10-24T15:46:42-07:00,2,6
projects/project2_deceptive.html,171,html,2e572ad9,BaixiGuo,2025-10-24,15:46:42,-07:00,2025-10-24T15:46:42-07:00,3,2
projects/project2_deceptive.html,172,html,2e572ad9,BaixiGuo,2025-10-24,15:46:42,-07:00,2025-10-24T15:46:42-07:00,4,22
projects/project2_deceptive.html,173,html,2e572ad9,BaixiGuo,2025-10-24,15:46:42,-07:00,2025-10-24T15:46:42-07:00,4,36
projects/project2_deceptive.html,174,html,2e572ad9,BaixiGuo,2025-10-24,15:46:42,-07:00,2025-10-24T15:46:42-07:00,3,3
projects/project2_deceptive.html,175,html,2e572ad9,BaixiGuo,2025-10-24,15:46:42,-07:00,2025-10-24T15:46:42-07:00,0,0
projects/project2_deceptive.html,176,html,2e572ad9,BaixiGuo,2025-10-24,15:46:42,-07:00,2025-10-24T15:46:42-07:00,3,57
projects/project2_deceptive.html,177,html,2e572ad9,BaixiGuo,2025-10-24,15:46:42,-07:00,2025-10-24T15:46:42-07:00,2,7
projects/project2_deceptive.html,178,html,2e572ad9,BaixiGuo,2025-10-24,15:46:42,-07:00,2025-10-24T15:46:42-07:00,0,0
projects/project2_deceptive.html,179,html,2e572ad9,BaixiGuo,2025-10-24,15:46:42,-07:00,2025-10-24T15:46:42-07:00,2,21
projects/project2_deceptive.html,180,html,2e572ad9,BaixiGuo,2025-10-24,15:46:42,-07:00,2025-10-24T15:46:42-07:00,2,4
projects/project2_deceptive.html,181,html,2e572ad9,BaixiGuo,2025-10-24,15:46:42,-07:00,2025-10-24T15:46:42-07:00,3,25
projects/project2_deceptive.html,182,html,2e572ad9,BaixiGuo,2025-10-24,15:46:42,-07:00,2025-10-24T15:46:42-07:00,3,91
projects/project2_deceptive.html,183,html,2e572ad9,BaixiGuo,2025-10-24,15:46:42,-07:00,2025-10-24T15:46:42-07:00,0,0
projects/project2_deceptive.html,184,html,2e572ad9,BaixiGuo,2025-10-24,15:46:42,-07:00,2025-10-24T15:46:42-07:00,3,43
projects/project2_deceptive.html,185,html,2e572ad9,BaixiGuo,2025-10-24,15:46:42,-07:00,2025-10-24T15:46:42-07:00,3,7
projects/project2_deceptive.html,186,html,2e572ad9,BaixiGuo,2025-10-24,15:46:42,-07:00,2025-10-24T15:46:42-07:00,4,25
projects/project2_deceptive.html,187,html,2e572ad9,BaixiGuo,2025-10-24,15:46:42,-07:00,2025-10-24T15:46:42-07:00,4,70
projects/project2_deceptive.html,188,html,2e572ad9,BaixiGuo,2025-10-24,15:46:42,-07:00,2025-10-24T15:46:42-07:00,0,0
projects/project2_deceptive.html,189,html,2e572ad9,BaixiGuo,2025-10-24,15:46:42,-07:00,2025-10-24T15:46:42-07:00,4,20
projects/project2_deceptive.html,190,html,2e572ad9,BaixiGuo,2025-10-24,15:46:42,-07:00,2025-10-24T15:46:42-07:00,4,6
projects/project2_deceptive.html,191,html,2e572ad9,BaixiGuo,2025-10-24,15:46:42,-07:00,2025-10-24T15:46:42-07:00,5,75
projects/project2_deceptive.html,192,html,2e572ad9,BaixiGuo,2025-10-24,15:46:42,-07:00,2025-10-24T15:46:42-07:00,4,7
projects/project2_deceptive.html,193,html,2e572ad9,BaixiGuo,2025-10-24,15:46:42,-07:00,2025-10-24T15:46:42-07:00,0,0
projects/project2_deceptive.html,194,html,2e572ad9,BaixiGuo,2025-10-24,15:46:42,-07:00,2025-10-24T15:46:42-07:00,4,13
projects/project2_deceptive.html,195,html,2e572ad9,BaixiGuo,2025-10-24,15:46:42,-07:00,2025-10-24T15:46:42-07:00,4,53
projects/project2_deceptive.html,196,html,2e572ad9,BaixiGuo,2025-10-24,15:46:42,-07:00,2025-10-24T15:46:42-07:00,4,2
projects/project2_deceptive.html,197,html,2e572ad9,BaixiGuo,2025-10-24,15:46:42,-07:00,2025-10-24T15:46:42-07:00,5,2
projects/project2_deceptive.html,198,html,2e572ad9,BaixiGuo,2025-10-24,15:46:42,-07:00,2025-10-24T15:46:42-07:00,6,67
projects/project2_deceptive.html,199,html,2e572ad9,BaixiGuo,2025-10-24,15:46:42,-07:00,2025-10-24T15:46:42-07:00,6,2
projects/project2_deceptive.html,200,html,2e572ad9,BaixiGuo,2025-10-24,15:46:42,-07:00,2025-10-24T15:46:42-07:00,7,5
projects/project2_deceptive.html,201,html,2e572ad9,BaixiGuo,2025-10-24,15:46:42,-07:00,2025-10-24T15:46:42-07:00,8,24
projects/project2_deceptive.html,202,html,2e572ad9,BaixiGuo,2025-10-24,15:46:42,-07:00,2025-10-24T15:46:42-07:00,8,606
projects/project2_deceptive.html,203,html,2e572ad9,BaixiGuo,2025-10-24,15:46:42,-07:00,2025-10-24T15:46:42-07:00,7,7
projects/project2_deceptive.html,204,html,2e572ad9,BaixiGuo,2025-10-24,15:46:42,-07:00,2025-10-24T15:46:42-07:00,7,5
projects/project2_deceptive.html,205,html,2e572ad9,BaixiGuo,2025-10-24,15:46:42,-07:00,2025-10-24T15:46:42-07:00,8,20
projects/project2_deceptive.html,206,html,2e572ad9,BaixiGuo,2025-10-24,15:46:42,-07:00,2025-10-24T15:46:42-07:00,8,193
projects/project2_deceptive.html,207,html,2e572ad9,BaixiGuo,2025-10-24,15:46:42,-07:00,2025-10-24T15:46:42-07:00,7,7
projects/project2_deceptive.html,208,html,2e572ad9,BaixiGuo,2025-10-24,15:46:42,-07:00,2025-10-24T15:46:42-07:00,7,5
projects/project2_deceptive.html,209,html,2e572ad9,BaixiGuo,2025-10-24,15:46:42,-07:00,2025-10-24T15:46:42-07:00,8,35
projects/project2_deceptive.html,210,html,2e572ad9,BaixiGuo,2025-10-24,15:46:42,-07:00,2025-10-24T15:46:42-07:00,8,150
projects/project2_deceptive.html,211,html,2e572ad9,BaixiGuo,2025-10-24,15:46:42,-07:00,2025-10-24T15:46:42-07:00,7,7
projects/project2_deceptive.html,212,html,2e572ad9,BaixiGuo,2025-10-24,15:46:42,-07:00,2025-10-24T15:46:42-07:00,7,5
projects/project2_deceptive.html,213,html,2e572ad9,BaixiGuo,2025-10-24,15:46:42,-07:00,2025-10-24T15:46:42-07:00,8,43
projects/project2_deceptive.html,214,html,2e572ad9,BaixiGuo,2025-10-24,15:46:42,-07:00,2025-10-24T15:46:42-07:00,8,214
projects/project2_deceptive.html,215,html,2e572ad9,BaixiGuo,2025-10-24,15:46:42,-07:00,2025-10-24T15:46:42-07:00,7,7
projects/project2_deceptive.html,216,html,2e572ad9,BaixiGuo,2025-10-24,15:46:42,-07:00,2025-10-24T15:46:42-07:00,7,5
projects/project2_deceptive.html,217,html,2e572ad9,BaixiGuo,2025-10-24,15:46:42,-07:00,2025-10-24T15:46:42-07:00,8,44
projects/project2_deceptive.html,218,html,2e572ad9,BaixiGuo,2025-10-24,15:46:42,-07:00,2025-10-24T15:46:42-07:00,8,146
projects/project2_deceptive.html,219,html,2e572ad9,BaixiGuo,2025-10-24,15:46:42,-07:00,2025-10-24T15:46:42-07:00,7,7
projects/project2_deceptive.html,220,html,2e572ad9,BaixiGuo,2025-10-24,15:46:42,-07:00,2025-10-24T15:46:42-07:00,7,5
projects/project2_deceptive.html,221,html,2e572ad9,BaixiGuo,2025-10-24,15:46:42,-07:00,2025-10-24T15:46:42-07:00,8,47
projects/project2_deceptive.html,222,html,2e572ad9,BaixiGuo,2025-10-24,15:46:42,-07:00,2025-10-24T15:46:42-07:00,8,140
projects/project2_deceptive.html,223,html,2e572ad9,BaixiGuo,2025-10-24,15:46:42,-07:00,2025-10-24T15:46:42-07:00,8,67
projects/project2_deceptive.html,224,html,2e572ad9,BaixiGuo,2025-10-24,15:46:42,-07:00,2025-10-24T15:46:42-07:00,8,102
projects/project2_deceptive.html,225,html,2e572ad9,BaixiGuo,2025-10-24,15:46:42,-07:00,2025-10-24T15:46:42-07:00,7,7
projects/project2_deceptive.html,226,html,2e572ad9,BaixiGuo,2025-10-24,15:46:42,-07:00,2025-10-24T15:46:42-07:00,6,3
projects/project2_deceptive.html,227,html,2e572ad9,BaixiGuo,2025-10-24,15:46:42,-07:00,2025-10-24T15:46:42-07:00,5,3
projects/project2_deceptive.html,228,html,2e572ad9,BaixiGuo,2025-10-24,15:46:42,-07:00,2025-10-24T15:46:42-07:00,0,0
projects/project2_deceptive.html,229,html,2e572ad9,BaixiGuo,2025-10-24,15:46:42,-07:00,2025-10-24T15:46:42-07:00,5,2
projects/project2_deceptive.html,230,html,2e572ad9,BaixiGuo,2025-10-24,15:46:42,-07:00,2025-10-24T15:46:42-07:00,6,67
projects/project2_deceptive.html,231,html,2e572ad9,BaixiGuo,2025-10-24,15:46:42,-07:00,2025-10-24T15:46:42-07:00,6,2
projects/project2_deceptive.html,232,html,2e572ad9,BaixiGuo,2025-10-24,15:46:42,-07:00,2025-10-24T15:46:42-07:00,7,5
projects/project2_deceptive.html,233,html,2e572ad9,BaixiGuo,2025-10-24,15:46:42,-07:00,2025-10-24T15:46:42-07:00,8,24
projects/project2_deceptive.html,234,html,2e572ad9,BaixiGuo,2025-10-24,15:46:42,-07:00,2025-10-24T15:46:42-07:00,8,210
projects/project2_deceptive.html,235,html,2e572ad9,BaixiGuo,2025-10-24,15:46:42,-07:00,2025-10-24T15:46:42-07:00,7,7
projects/project2_deceptive.html,236,html,2e572ad9,BaixiGuo,2025-10-24,15:46:42,-07:00,2025-10-24T15:46:42-07:00,7,5
projects/project2_deceptive.html,237,html,2e572ad9,BaixiGuo,2025-10-24,15:46:42,-07:00,2025-10-24T15:46:42-07:00,8,20
projects/project2_deceptive.html,238,html,2e572ad9,BaixiGuo,2025-10-24,15:46:42,-07:00,2025-10-24T15:46:42-07:00,8,95
projects/project2_deceptive.html,239,html,2e572ad9,BaixiGuo,2025-10-24,15:46:42,-07:00,2025-10-24T15:46:42-07:00,7,7
projects/project2_deceptive.html,240,html,2e572ad9,BaixiGuo,2025-10-24,15:46:42,-07:00,2025-10-24T15:46:42-07:00,7,5
projects/project2_deceptive.html,241,html,2e572ad9,BaixiGuo,2025-10-24,15:46:42,-07:00,2025-10-24T15:46:42-07:00,8,35
projects/project2_deceptive.html,242,html,2e572ad9,BaixiGuo,2025-10-24,15:46:42,-07:00,2025-10-24T15:46:42-07:00,8,192
projects/project2_deceptive.html,243,html,2e572ad9,BaixiGuo,2025-10-24,15:46:42,-07:00,2025-10-24T15:46:42-07:00,7,7
projects/project2_deceptive.html,244,html,2e572ad9,BaixiGuo,2025-10-24,15:46:42,-07:00,2025-10-24T15:46:42-07:00,7,5
projects/project2_deceptive.html,245,html,2e572ad9,BaixiGuo,2025-10-24,15:46:42,-07:00,2025-10-24T15:46:42-07:00,8,43
projects/project2_deceptive.html,246,html,2e572ad9,BaixiGuo,2025-10-24,15:46:42,-07:00,2025-10-24T15:46:42-07:00,8,111
projects/project2_deceptive.html,247,html,2e572ad9,BaixiGuo,2025-10-24,15:46:42,-07:00,2025-10-24T15:46:42-07:00,7,7
projects/project2_deceptive.html,248,html,2e572ad9,BaixiGuo,2025-10-24,15:46:42,-07:00,2025-10-24T15:46:42-07:00,7,5
projects/project2_deceptive.html,249,html,2e572ad9,BaixiGuo,2025-10-24,15:46:42,-07:00,2025-10-24T15:46:42-07:00,8,44
projects/project2_deceptive.html,250,html,2e572ad9,BaixiGuo,2025-10-24,15:46:42,-07:00,2025-10-24T15:46:42-07:00,8,38
projects/project2_deceptive.html,251,html,2e572ad9,BaixiGuo,2025-10-24,15:46:42,-07:00,2025-10-24T15:46:42-07:00,7,7
projects/project2_deceptive.html,252,html,2e572ad9,BaixiGuo,2025-10-24,15:46:42,-07:00,2025-10-24T15:46:42-07:00,7,5
projects/project2_deceptive.html,253,html,2e572ad9,BaixiGuo,2025-10-24,15:46:42,-07:00,2025-10-24T15:46:42-07:00,8,47
projects/project2_deceptive.html,254,html,2e572ad9,BaixiGuo,2025-10-24,15:46:42,-07:00,2025-10-24T15:46:42-07:00,8,61
projects/project2_deceptive.html,255,html,2e572ad9,BaixiGuo,2025-10-24,15:46:42,-07:00,2025-10-24T15:46:42-07:00,8,120
projects/project2_deceptive.html,256,html,2e572ad9,BaixiGuo,2025-10-24,15:46:42,-07:00,2025-10-24T15:46:42-07:00,8,143
projects/project2_deceptive.html,257,html,2e572ad9,BaixiGuo,2025-10-24,15:46:42,-07:00,2025-10-24T15:46:42-07:00,8,62
projects/project2_deceptive.html,258,html,2e572ad9,BaixiGuo,2025-10-24,15:46:42,-07:00,2025-10-24T15:46:42-07:00,7,7
projects/project2_deceptive.html,259,html,2e572ad9,BaixiGuo,2025-10-24,15:46:42,-07:00,2025-10-24T15:46:42-07:00,6,3
projects/project2_deceptive.html,260,html,2e572ad9,BaixiGuo,2025-10-24,15:46:42,-07:00,2025-10-24T15:46:42-07:00,5,3
projects/project2_deceptive.html,261,html,2e572ad9,BaixiGuo,2025-10-24,15:46:42,-07:00,2025-10-24T15:46:42-07:00,0,0
projects/project2_deceptive.html,262,html,2e572ad9,BaixiGuo,2025-10-24,15:46:42,-07:00,2025-10-24T15:46:42-07:00,5,2
projects/project2_deceptive.html,263,html,2e572ad9,BaixiGuo,2025-10-24,15:46:42,-07:00,2025-10-24T15:46:42-07:00,6,52
projects/project2_deceptive.html,264,html,2e572ad9,BaixiGuo,2025-10-24,15:46:42,-07:00,2025-10-24T15:46:42-07:00,6,2
projects/project2_deceptive.html,265,html,2e572ad9,BaixiGuo,2025-10-24,15:46:42,-07:00,2025-10-24T15:46:42-07:00,7,5
projects/project2_deceptive.html,266,html,2e572ad9,BaixiGuo,2025-10-24,15:46:42,-07:00,2025-10-24T15:46:42-07:00,8,24
projects/project2_deceptive.html,267,html,2e572ad9,BaixiGuo,2025-10-24,15:46:42,-07:00,2025-10-24T15:46:42-07:00,8,123
projects/project2_deceptive.html,268,html,2e572ad9,BaixiGuo,2025-10-24,15:46:42,-07:00,2025-10-24T15:46:42-07:00,7,7
projects/project2_deceptive.html,269,html,2e572ad9,BaixiGuo,2025-10-24,15:46:42,-07:00,2025-10-24T15:46:42-07:00,7,5
projects/project2_deceptive.html,270,html,2e572ad9,BaixiGuo,2025-10-24,15:46:42,-07:00,2025-10-24T15:46:42-07:00,8,20
projects/project2_deceptive.html,271,html,2e572ad9,BaixiGuo,2025-10-24,15:46:42,-07:00,2025-10-24T15:46:42-07:00,8,69
projects/project2_deceptive.html,272,html,2e572ad9,BaixiGuo,2025-10-24,15:46:42,-07:00,2025-10-24T15:46:42-07:00,7,7
projects/project2_deceptive.html,273,html,2e572ad9,BaixiGuo,2025-10-24,15:46:42,-07:00,2025-10-24T15:46:42-07:00,7,5
projects/project2_deceptive.html,274,html,2e572ad9,BaixiGuo,2025-10-24,15:46:42,-07:00,2025-10-24T15:46:42-07:00,8,35
projects/project2_deceptive.html,275,html,2e572ad9,BaixiGuo,2025-10-24,15:46:42,-07:00,2025-10-24T15:46:42-07:00,8,120
projects/project2_deceptive.html,276,html,2e572ad9,BaixiGuo,2025-10-24,15:46:42,-07:00,2025-10-24T15:46:42-07:00,8,34
projects/project2_deceptive.html,277,html,2e572ad9,BaixiGuo,2025-10-24,15:46:42,-07:00,2025-10-24T15:46:42-07:00,8,135
projects/project2_deceptive.html,278,html,2e572ad9,BaixiGuo,2025-10-24,15:46:42,-07:00,2025-10-24T15:46:42-07:00,7,7
projects/project2_deceptive.html,279,html,2e572ad9,BaixiGuo,2025-10-24,15:46:42,-07:00,2025-10-24T15:46:42-07:00,7,5
projects/project2_deceptive.html,280,html,2e572ad9,BaixiGuo,2025-10-24,15:46:42,-07:00,2025-10-24T15:46:42-07:00,8,43
projects/project2_deceptive.html,281,html,2e572ad9,BaixiGuo,2025-10-24,15:46:42,-07:00,2025-10-24T15:46:42-07:00,8,104
projects/project2_deceptive.html,282,html,2e572ad9,BaixiGuo,2025-10-24,15:46:42,-07:00,2025-10-24T15:46:42-07:00,7,7
projects/project2_deceptive.html,283,html,2e572ad9,BaixiGuo,2025-10-24,15:46:42,-07:00,2025-10-24T15:46:42-07:00,7,5
projects/project2_deceptive.html,284,html,2e572ad9,BaixiGuo,2025-10-24,15:46:42,-07:00,2025-10-24T15:46:42-07:00,8,44
projects/project2_deceptive.html,285,html,2e572ad9,BaixiGuo,2025-10-24,15:46:42,-07:00,2025-10-24T15:46:42-07:00,8,44
projects/project2_deceptive.html,286,html,2e572ad9,BaixiGuo,2025-10-24,15:46:42,-07:00,2025-10-24T15:46:42-07:00,7,7
projects/project2_deceptive.html,287,html,2e572ad9,BaixiGuo,2025-10-24,15:46:42,-07:00,2025-10-24T15:46:42-07:00,7,5
projects/project2_deceptive.html,288,html,2e572ad9,BaixiGuo,2025-10-24,15:46:42,-07:00,2025-10-24T15:46:42-07:00,8,47
projects/project2_deceptive.html,289,html,2e572ad9,BaixiGuo,2025-10-24,15:46:42,-07:00,2025-10-24T15:46:42-07:00,8,63
projects/project2_deceptive.html,290,html,2e572ad9,BaixiGuo,2025-10-24,15:46:42,-07:00,2025-10-24T15:46:42-07:00,8,108
projects/project2_deceptive.html,291,html,2e572ad9,BaixiGuo,2025-10-24,15:46:42,-07:00,2025-10-24T15:46:42-07:00,8,87
projects/project2_deceptive.html,292,html,2e572ad9,BaixiGuo,2025-10-24,15:46:42,-07:00,2025-10-24T15:46:42-07:00,8,103
projects/project2_deceptive.html,293,html,2e572ad9,BaixiGuo,2025-10-24,15:46:42,-07:00,2025-10-24T15:46:42-07:00,8,86
projects/project2_deceptive.html,294,html,2e572ad9,BaixiGuo,2025-10-24,15:46:42,-07:00,2025-10-24T15:46:42-07:00,8,55
projects/project2_deceptive.html,295,html,2e572ad9,BaixiGuo,2025-10-24,15:46:42,-07:00,2025-10-24T15:46:42-07:00,8,110
projects/project2_deceptive.html,296,html,2e572ad9,BaixiGuo,2025-10-24,15:46:42,-07:00,2025-10-24T15:46:42-07:00,7,7
projects/project2_deceptive.html,297,html,2e572ad9,BaixiGuo,2025-10-24,15:46:42,-07:00,2025-10-24T15:46:42-07:00,6,3
projects/project2_deceptive.html,298,html,2e572ad9,BaixiGuo,2025-10-24,15:46:42,-07:00,2025-10-24T15:46:42-07:00,5,3
projects/project2_deceptive.html,299,html,2e572ad9,BaixiGuo,2025-10-24,15:46:42,-07:00,2025-10-24T15:46:42-07:00,0,0
projects/project2_deceptive.html,300,html,2e572ad9,BaixiGuo,2025-10-24,15:46:42,-07:00,2025-10-24T15:46:42-07:00,5,2
projects/project2_deceptive.html,301,html,2e572ad9,BaixiGuo,2025-10-24,15:46:42,-07:00,2025-10-24T15:46:42-07:00,6,70
projects/project2_deceptive.html,302,html,2e572ad9,BaixiGuo,2025-10-24,15:46:42,-07:00,2025-10-24T15:46:42-07:00,6,2
projects/project2_deceptive.html,303,html,2e572ad9,BaixiGuo,2025-10-24,15:46:42,-07:00,2025-10-24T15:46:42-07:00,7,5
projects/project2_deceptive.html,304,html,2e572ad9,BaixiGuo,2025-10-24,15:46:42,-07:00,2025-10-24T15:46:42-07:00,8,24
projects/project2_deceptive.html,305,html,2e572ad9,BaixiGuo,2025-10-24,15:46:42,-07:00,2025-10-24T15:46:42-07:00,8,122
projects/project2_deceptive.html,306,html,2e572ad9,BaixiGuo,2025-10-24,15:46:42,-07:00,2025-10-24T15:46:42-07:00,7,7
projects/project2_deceptive.html,307,html,2e572ad9,BaixiGuo,2025-10-24,15:46:42,-07:00,2025-10-24T15:46:42-07:00,7,5
projects/project2_deceptive.html,308,html,2e572ad9,BaixiGuo,2025-10-24,15:46:42,-07:00,2025-10-24T15:46:42-07:00,8,20
projects/project2_deceptive.html,309,html,2e572ad9,BaixiGuo,2025-10-24,15:46:42,-07:00,2025-10-24T15:46:42-07:00,8,48
projects/project2_deceptive.html,310,html,2e572ad9,BaixiGuo,2025-10-24,15:46:42,-07:00,2025-10-24T15:46:42-07:00,7,7
projects/project2_deceptive.html,311,html,2e572ad9,BaixiGuo,2025-10-24,15:46:42,-07:00,2025-10-24T15:46:42-07:00,7,5
projects/project2_deceptive.html,312,html,2e572ad9,BaixiGuo,2025-10-24,15:46:42,-07:00,2025-10-24T15:46:42-07:00,8,35
projects/project2_deceptive.html,313,html,2e572ad9,BaixiGuo,2025-10-24,15:46:42,-07:00,2025-10-24T15:46:42-07:00,8,91
projects/project2_deceptive.html,314,html,2e572ad9,BaixiGuo,2025-10-24,15:46:42,-07:00,2025-10-24T15:46:42-07:00,7,7
projects/project2_deceptive.html,315,html,2e572ad9,BaixiGuo,2025-10-24,15:46:42,-07:00,2025-10-24T15:46:42-07:00,7,5
projects/project2_deceptive.html,316,html,2e572ad9,BaixiGuo,2025-10-24,15:46:42,-07:00,2025-10-24T15:46:42-07:00,8,43
projects/project2_deceptive.html,317,html,2e572ad9,BaixiGuo,2025-10-24,15:46:42,-07:00,2025-10-24T15:46:42-07:00,8,106
projects/project2_deceptive.html,318,html,2e572ad9,BaixiGuo,2025-10-24,15:46:42,-07:00,2025-10-24T15:46:42-07:00,7,7
projects/project2_deceptive.html,319,html,2e572ad9,BaixiGuo,2025-10-24,15:46:42,-07:00,2025-10-24T15:46:42-07:00,7,5
projects/project2_deceptive.html,320,html,2e572ad9,BaixiGuo,2025-10-24,15:46:42,-07:00,2025-10-24T15:46:42-07:00,8,44
projects/project2_deceptive.html,321,html,2e572ad9,BaixiGuo,2025-10-24,15:46:42,-07:00,2025-10-24T15:46:42-07:00,8,36
projects/project2_deceptive.html,322,html,2e572ad9,BaixiGuo,2025-10-24,15:46:42,-07:00,2025-10-24T15:46:42-07:00,7,7
projects/project2_deceptive.html,323,html,2e572ad9,BaixiGuo,2025-10-24,15:46:42,-07:00,2025-10-24T15:46:42-07:00,7,5
projects/project2_deceptive.html,324,html,2e572ad9,BaixiGuo,2025-10-24,15:46:42,-07:00,2025-10-24T15:46:42-07:00,8,47
projects/project2_deceptive.html,325,html,2e572ad9,BaixiGuo,2025-10-24,15:46:42,-07:00,2025-10-24T15:46:42-07:00,8,108
projects/project2_deceptive.html,326,html,2e572ad9,BaixiGuo,2025-10-24,15:46:42,-07:00,2025-10-24T15:46:42-07:00,7,7
projects/project2_deceptive.html,327,html,2e572ad9,BaixiGuo,2025-10-24,15:46:42,-07:00,2025-10-24T15:46:42-07:00,6,3
projects/project2_deceptive.html,328,html,2e572ad9,BaixiGuo,2025-10-24,15:46:42,-07:00,2025-10-24T15:46:42-07:00,5,3
projects/project2_deceptive.html,329,html,2e572ad9,BaixiGuo,2025-10-24,15:46:42,-07:00,2025-10-24T15:46:42-07:00,4,3
projects/project2_deceptive.html,330,html,2e572ad9,BaixiGuo,2025-10-24,15:46:42,-07:00,2025-10-24T15:46:42-07:00,0,0
projects/project2_deceptive.html,331,html,2e572ad9,BaixiGuo,2025-10-24,15:46:42,-07:00,2025-10-24T15:46:42-07:00,4,7
projects/project2_deceptive.html,332,html,2e572ad9,BaixiGuo,2025-10-24,15:46:42,-07:00,2025-10-24T15:46:42-07:00,5,2
projects/project2_deceptive.html,333,html,2e572ad9,BaixiGuo,2025-10-24,15:46:42,-07:00,2025-10-24T15:46:42-07:00,6,67
projects/project2_deceptive.html,334,html,2e572ad9,BaixiGuo,2025-10-24,15:46:42,-07:00,2025-10-24T15:46:42-07:00,6,2
projects/project2_deceptive.html,335,html,2e572ad9,BaixiGuo,2025-10-24,15:46:42,-07:00,2025-10-24T15:46:42-07:00,7,5
projects/project2_deceptive.html,336,html,2e572ad9,BaixiGuo,2025-10-24,15:46:42,-07:00,2025-10-24T15:46:42-07:00,8,24
projects/project2_deceptive.html,337,html,2e572ad9,BaixiGuo,2025-10-24,15:46:42,-07:00,2025-10-24T15:46:42-07:00,8,606
projects/project2_deceptive.html,338,html,2e572ad9,BaixiGuo,2025-10-24,15:46:42,-07:00,2025-10-24T15:46:42-07:00,7,7
projects/project2_deceptive.html,339,html,2e572ad9,BaixiGuo,2025-10-24,15:46:42,-07:00,2025-10-24T15:46:42-07:00,7,5
projects/project2_deceptive.html,340,html,2e572ad9,BaixiGuo,2025-10-24,15:46:42,-07:00,2025-10-24T15:46:42-07:00,8,20
projects/project2_deceptive.html,341,html,2e572ad9,BaixiGuo,2025-10-24,15:46:42,-07:00,2025-10-24T15:46:42-07:00,8,193
projects/project2_deceptive.html,342,html,2e572ad9,BaixiGuo,2025-10-24,15:46:42,-07:00,2025-10-24T15:46:42-07:00,7,7
projects/project2_deceptive.html,343,html,2e572ad9,BaixiGuo,2025-10-24,15:46:42,-07:00,2025-10-24T15:46:42-07:00,7,5
projects/project2_deceptive.html,344,html,2e572ad9,BaixiGuo,2025-10-24,15:46:42,-07:00,2025-10-24T15:46:42-07:00,8,35
projects/project2_deceptive.html,345,html,2e572ad9,BaixiGuo,2025-10-24,15:46:42,-07:00,2025-10-24T15:46:42-07:00,8,150
projects/project2_deceptive.html,346,html,2e572ad9,BaixiGuo,2025-10-24,15:46:42,-07:00,2025-10-24T15:46:42-07:00,7,7
projects/project2_deceptive.html,347,html,2e572ad9,BaixiGuo,2025-10-24,15:46:42,-07:00,2025-10-24T15:46:42-07:00,7,5
projects/project2_deceptive.html,348,html,2e572ad9,BaixiGuo,2025-10-24,15:46:42,-07:00,2025-10-24T15:46:42-07:00,8,43
projects/project2_deceptive.html,349,html,2e572ad9,BaixiGuo,2025-10-24,15:46:42,-07:00,2025-10-24T15:46:42-07:00,8,214
projects/project2_deceptive.html,350,html,2e572ad9,BaixiGuo,2025-10-24,15:46:42,-07:00,2025-10-24T15:46:42-07:00,7,7
projects/project2_deceptive.html,351,html,2e572ad9,BaixiGuo,2025-10-24,15:46:42,-07:00,2025-10-24T15:46:42-07:00,7,5
projects/project2_deceptive.html,352,html,2e572ad9,BaixiGuo,2025-10-24,15:46:42,-07:00,2025-10-24T15:46:42-07:00,8,44
projects/project2_deceptive.html,353,html,2e572ad9,BaixiGuo,2025-10-24,15:46:42,-07:00,2025-10-24T15:46:42-07:00,8,144
projects/project2_deceptive.html,354,html,2e572ad9,BaixiGuo,2025-10-24,15:46:42,-07:00,2025-10-24T15:46:42-07:00,7,7
projects/project2_deceptive.html,355,html,2e572ad9,BaixiGuo,2025-10-24,15:46:42,-07:00,2025-10-24T15:46:42-07:00,7,5
projects/project2_deceptive.html,356,html,2e572ad9,BaixiGuo,2025-10-24,15:46:42,-07:00,2025-10-24T15:46:42-07:00,8,47
projects/project2_deceptive.html,357,html,2e572ad9,BaixiGuo,2025-10-24,15:46:42,-07:00,2025-10-24T15:46:42-07:00,8,165
projects/project2_deceptive.html,358,html,2e572ad9,BaixiGuo,2025-10-24,15:46:42,-07:00,2025-10-24T15:46:42-07:00,7,7
projects/project2_deceptive.html,359,html,2e572ad9,BaixiGuo,2025-10-24,15:46:42,-07:00,2025-10-24T15:46:42-07:00,6,3
projects/project2_deceptive.html,360,html,2e572ad9,BaixiGuo,2025-10-24,15:46:42,-07:00,2025-10-24T15:46:42-07:00,5,3
projects/project2_deceptive.html,361,html,2e572ad9,BaixiGuo,2025-10-24,15:46:42,-07:00,2025-10-24T15:46:42-07:00,0,0
projects/project2_deceptive.html,362,html,2e572ad9,BaixiGuo,2025-10-24,15:46:42,-07:00,2025-10-24T15:46:42-07:00,5,2
projects/project2_deceptive.html,363,html,2e572ad9,BaixiGuo,2025-10-24,15:46:42,-07:00,2025-10-24T15:46:42-07:00,6,67
projects/project2_deceptive.html,364,html,2e572ad9,BaixiGuo,2025-10-24,15:46:42,-07:00,2025-10-24T15:46:42-07:00,6,2
projects/project2_deceptive.html,365,html,2e572ad9,BaixiGuo,2025-10-24,15:46:42,-07:00,2025-10-24T15:46:42-07:00,7,5
projects/project2_deceptive.html,366,html,2e572ad9,BaixiGuo,2025-10-24,15:46:42,-07:00,2025-10-24T15:46:42-07:00,8,24
projects/project2_deceptive.html,367,html,2e572ad9,BaixiGuo,2025-10-24,15:46:42,-07:00,2025-10-24T15:46:42-07:00,8,210
projects/project2_deceptive.html,368,html,2e572ad9,BaixiGuo,2025-10-24,15:46:42,-07:00,2025-10-24T15:46:42-07:00,7,7
projects/project2_deceptive.html,369,html,2e572ad9,BaixiGuo,2025-10-24,15:46:42,-07:00,2025-10-24T15:46:42-07:00,7,5
projects/project2_deceptive.html,370,html,2e572ad9,BaixiGuo,2025-10-24,15:46:42,-07:00,2025-10-24T15:46:42-07:00,8,20
projects/project2_deceptive.html,371,html,2e572ad9,BaixiGuo,2025-10-24,15:46:42,-07:00,2025-10-24T15:46:42-07:00,8,95
projects/project2_deceptive.html,372,html,2e572ad9,BaixiGuo,2025-10-24,15:46:42,-07:00,2025-10-24T15:46:42-07:00,7,7
projects/project2_deceptive.html,373,html,2e572ad9,BaixiGuo,2025-10-24,15:46:42,-07:00,2025-10-24T15:46:42-07:00,7,5
projects/project2_deceptive.html,374,html,2e572ad9,BaixiGuo,2025-10-24,15:46:42,-07:00,2025-10-24T15:46:42-07:00,8,35
projects/project2_deceptive.html,375,html,2e572ad9,BaixiGuo,2025-10-24,15:46:42,-07:00,2025-10-24T15:46:42-07:00,8,192
projects/project2_deceptive.html,376,html,2e572ad9,BaixiGuo,2025-10-24,15:46:42,-07:00,2025-10-24T15:46:42-07:00,7,7
projects/project2_deceptive.html,377,html,2e572ad9,BaixiGuo,2025-10-24,15:46:42,-07:00,2025-10-24T15:46:42-07:00,7,5
projects/project2_deceptive.html,378,html,2e572ad9,BaixiGuo,2025-10-24,15:46:42,-07:00,2025-10-24T15:46:42-07:00,8,43
projects/project2_deceptive.html,379,html,2e572ad9,BaixiGuo,2025-10-24,15:46:42,-07:00,2025-10-24T15:46:42-07:00,8,111
projects/project2_deceptive.html,380,html,2e572ad9,BaixiGuo,2025-10-24,15:46:42,-07:00,2025-10-24T15:46:42-07:00,7,7
projects/project2_deceptive.html,381,html,2e572ad9,BaixiGuo,2025-10-24,15:46:42,-07:00,2025-10-24T15:46:42-07:00,7,5
projects/project2_deceptive.html,382,html,2e572ad9,BaixiGuo,2025-10-24,15:46:42,-07:00,2025-10-24T15:46:42-07:00,8,44
projects/project2_deceptive.html,383,html,2e572ad9,BaixiGuo,2025-10-24,15:46:42,-07:00,2025-10-24T15:46:42-07:00,8,38
projects/project2_deceptive.html,384,html,2e572ad9,BaixiGuo,2025-10-24,15:46:42,-07:00,2025-10-24T15:46:42-07:00,7,7
projects/project2_deceptive.html,385,html,2e572ad9,BaixiGuo,2025-10-24,15:46:42,-07:00,2025-10-24T15:46:42-07:00,7,5
projects/project2_deceptive.html,386,html,2e572ad9,BaixiGuo,2025-10-24,15:46:42,-07:00,2025-10-24T15:46:42-07:00,8,47
projects/project2_deceptive.html,387,html,2e572ad9,BaixiGuo,2025-10-24,15:46:42,-07:00,2025-10-24T15:46:42-07:00,8,142
projects/project2_deceptive.html,388,html,2e572ad9,BaixiGuo,2025-10-24,15:46:42,-07:00,2025-10-24T15:46:42-07:00,7,7
projects/project2_deceptive.html,389,html,2e572ad9,BaixiGuo,2025-10-24,15:46:42,-07:00,2025-10-24T15:46:42-07:00,6,3
projects/project2_deceptive.html,390,html,2e572ad9,BaixiGuo,2025-10-24,15:46:42,-07:00,2025-10-24T15:46:42-07:00,5,3
projects/project2_deceptive.html,391,html,2e572ad9,BaixiGuo,2025-10-24,15:46:42,-07:00,2025-10-24T15:46:42-07:00,0,0
projects/project2_deceptive.html,392,html,2e572ad9,BaixiGuo,2025-10-24,15:46:42,-07:00,2025-10-24T15:46:42-07:00,5,2
projects/project2_deceptive.html,393,html,2e572ad9,BaixiGuo,2025-10-24,15:46:42,-07:00,2025-10-24T15:46:42-07:00,6,52
projects/project2_deceptive.html,394,html,2e572ad9,BaixiGuo,2025-10-24,15:46:42,-07:00,2025-10-24T15:46:42-07:00,6,2
projects/project2_deceptive.html,395,html,2e572ad9,BaixiGuo,2025-10-24,15:46:42,-07:00,2025-10-24T15:46:42-07:00,7,5
projects/project2_deceptive.html,396,html,2e572ad9,BaixiGuo,2025-10-24,15:46:42,-07:00,2025-10-24T15:46:42-07:00,8,24
projects/project2_deceptive.html,397,html,2e572ad9,BaixiGuo,2025-10-24,15:46:42,-07:00,2025-10-24T15:46:42-07:00,8,123
projects/project2_deceptive.html,398,html,2e572ad9,BaixiGuo,2025-10-24,15:46:42,-07:00,2025-10-24T15:46:42-07:00,7,7
projects/project2_deceptive.html,399,html,2e572ad9,BaixiGuo,2025-10-24,15:46:42,-07:00,2025-10-24T15:46:42-07:00,7,5
projects/project2_deceptive.html,400,html,2e572ad9,BaixiGuo,2025-10-24,15:46:42,-07:00,2025-10-24T15:46:42-07:00,8,20
projects/project2_deceptive.html,401,html,2e572ad9,BaixiGuo,2025-10-24,15:46:42,-07:00,2025-10-24T15:46:42-07:00,8,69
projects/project2_deceptive.html,402,html,2e572ad9,BaixiGuo,2025-10-24,15:46:42,-07:00,2025-10-24T15:46:42-07:00,7,7
projects/project2_deceptive.html,403,html,2e572ad9,BaixiGuo,2025-10-24,15:46:42,-07:00,2025-10-24T15:46:42-07:00,7,5
projects/project2_deceptive.html,404,html,2e572ad9,BaixiGuo,2025-10-24,15:46:42,-07:00,2025-10-24T15:46:42-07:00,8,35
projects/project2_deceptive.html,405,html,2e572ad9,BaixiGuo,2025-10-24,15:46:42,-07:00,2025-10-24T15:46:42-07:00,8,149
projects/project2_deceptive.html,406,html,2e572ad9,BaixiGuo,2025-10-24,15:46:42,-07:00,2025-10-24T15:46:42-07:00,7,7
projects/project2_deceptive.html,407,html,2e572ad9,BaixiGuo,2025-10-24,15:46:42,-07:00,2025-10-24T15:46:42-07:00,7,5
projects/project2_deceptive.html,408,html,2e572ad9,BaixiGuo,2025-10-24,15:46:42,-07:00,2025-10-24T15:46:42-07:00,8,43
projects/project2_deceptive.html,409,html,2e572ad9,BaixiGuo,2025-10-24,15:46:42,-07:00,2025-10-24T15:46:42-07:00,8,104
projects/project2_deceptive.html,410,html,2e572ad9,BaixiGuo,2025-10-24,15:46:42,-07:00,2025-10-24T15:46:42-07:00,7,7
projects/project2_deceptive.html,411,html,2e572ad9,BaixiGuo,2025-10-24,15:46:42,-07:00,2025-10-24T15:46:42-07:00,7,5
projects/project2_deceptive.html,412,html,2e572ad9,BaixiGuo,2025-10-24,15:46:42,-07:00,2025-10-24T15:46:42-07:00,8,44
projects/project2_deceptive.html,413,html,2e572ad9,BaixiGuo,2025-10-24,15:46:42,-07:00,2025-10-24T15:46:42-07:00,8,44
projects/project2_deceptive.html,414,html,2e572ad9,BaixiGuo,2025-10-24,15:46:42,-07:00,2025-10-24T15:46:42-07:00,7,7
projects/project2_deceptive.html,415,html,2e572ad9,BaixiGuo,2025-10-24,15:46:42,-07:00,2025-10-24T15:46:42-07:00,7,5
projects/project2_deceptive.html,416,html,2e572ad9,BaixiGuo,2025-10-24,15:46:42,-07:00,2025-10-24T15:46:42-07:00,8,47
projects/project2_deceptive.html,417,html,2e572ad9,BaixiGuo,2025-10-24,15:46:42,-07:00,2025-10-24T15:46:42-07:00,8,93
projects/project2_deceptive.html,418,html,2e572ad9,BaixiGuo,2025-10-24,15:46:42,-07:00,2025-10-24T15:46:42-07:00,7,7
projects/project2_deceptive.html,419,html,2e572ad9,BaixiGuo,2025-10-24,15:46:42,-07:00,2025-10-24T15:46:42-07:00,6,3
projects/project2_deceptive.html,420,html,2e572ad9,BaixiGuo,2025-10-24,15:46:42,-07:00,2025-10-24T15:46:42-07:00,5,3
projects/project2_deceptive.html,421,html,2e572ad9,BaixiGuo,2025-10-24,15:46:42,-07:00,2025-10-24T15:46:42-07:00,0,0
projects/project2_deceptive.html,422,html,2e572ad9,BaixiGuo,2025-10-24,15:46:42,-07:00,2025-10-24T15:46:42-07:00,5,2
projects/project2_deceptive.html,423,html,2e572ad9,BaixiGuo,2025-10-24,15:46:42,-07:00,2025-10-24T15:46:42-07:00,6,70
projects/project2_deceptive.html,424,html,2e572ad9,BaixiGuo,2025-10-24,15:46:42,-07:00,2025-10-24T15:46:42-07:00,6,2
projects/project2_deceptive.html,425,html,2e572ad9,BaixiGuo,2025-10-24,15:46:42,-07:00,2025-10-24T15:46:42-07:00,7,5
projects/project2_deceptive.html,426,html,2e572ad9,BaixiGuo,2025-10-24,15:46:42,-07:00,2025-10-24T15:46:42-07:00,8,24
projects/project2_deceptive.html,427,html,2e572ad9,BaixiGuo,2025-10-24,15:46:42,-07:00,2025-10-24T15:46:42-07:00,8,122
projects/project2_deceptive.html,428,html,2e572ad9,BaixiGuo,2025-10-24,15:46:42,-07:00,2025-10-24T15:46:42-07:00,7,7
projects/project2_deceptive.html,429,html,2e572ad9,BaixiGuo,2025-10-24,15:46:42,-07:00,2025-10-24T15:46:42-07:00,7,5
projects/project2_deceptive.html,430,html,2e572ad9,BaixiGuo,2025-10-24,15:46:42,-07:00,2025-10-24T15:46:42-07:00,8,20
projects/project2_deceptive.html,431,html,2e572ad9,BaixiGuo,2025-10-24,15:46:42,-07:00,2025-10-24T15:46:42-07:00,8,48
projects/project2_deceptive.html,432,html,2e572ad9,BaixiGuo,2025-10-24,15:46:42,-07:00,2025-10-24T15:46:42-07:00,7,7
projects/project2_deceptive.html,433,html,2e572ad9,BaixiGuo,2025-10-24,15:46:42,-07:00,2025-10-24T15:46:42-07:00,7,5
projects/project2_deceptive.html,434,html,2e572ad9,BaixiGuo,2025-10-24,15:46:42,-07:00,2025-10-24T15:46:42-07:00,8,35
projects/project2_deceptive.html,435,html,2e572ad9,BaixiGuo,2025-10-24,15:46:42,-07:00,2025-10-24T15:46:42-07:00,8,91
projects/project2_deceptive.html,436,html,2e572ad9,BaixiGuo,2025-10-24,15:46:42,-07:00,2025-10-24T15:46:42-07:00,7,7
projects/project2_deceptive.html,437,html,2e572ad9,BaixiGuo,2025-10-24,15:46:42,-07:00,2025-10-24T15:46:42-07:00,7,5
projects/project2_deceptive.html,438,html,2e572ad9,BaixiGuo,2025-10-24,15:46:42,-07:00,2025-10-24T15:46:42-07:00,8,43
projects/project2_deceptive.html,439,html,2e572ad9,BaixiGuo,2025-10-24,15:46:42,-07:00,2025-10-24T15:46:42-07:00,8,107
projects/project2_deceptive.html,440,html,2e572ad9,BaixiGuo,2025-10-24,15:46:42,-07:00,2025-10-24T15:46:42-07:00,7,7
projects/project2_deceptive.html,441,html,2e572ad9,BaixiGuo,2025-10-24,15:46:42,-07:00,2025-10-24T15:46:42-07:00,7,5
projects/project2_deceptive.html,442,html,2e572ad9,BaixiGuo,2025-10-24,15:46:42,-07:00,2025-10-24T15:46:42-07:00,8,44
projects/project2_deceptive.html,443,html,2e572ad9,BaixiGuo,2025-10-24,15:46:42,-07:00,2025-10-24T15:46:42-07:00,8,36
projects/project2_deceptive.html,444,html,2e572ad9,BaixiGuo,2025-10-24,15:46:42,-07:00,2025-10-24T15:46:42-07:00,7,7
projects/project2_deceptive.html,445,html,2e572ad9,BaixiGuo,2025-10-24,15:46:42,-07:00,2025-10-24T15:46:42-07:00,7,5
projects/project2_deceptive.html,446,html,2e572ad9,BaixiGuo,2025-10-24,15:46:42,-07:00,2025-10-24T15:46:42-07:00,8,47
projects/project2_deceptive.html,447,html,2e572ad9,BaixiGuo,2025-10-24,15:46:42,-07:00,2025-10-24T15:46:42-07:00,8,104
projects/project2_deceptive.html,448,html,2e572ad9,BaixiGuo,2025-10-24,15:46:42,-07:00,2025-10-24T15:46:42-07:00,7,7
projects/project2_deceptive.html,449,html,2e572ad9,BaixiGuo,2025-10-24,15:46:42,-07:00,2025-10-24T15:46:42-07:00,6,3
projects/project2_deceptive.html,450,html,2e572ad9,BaixiGuo,2025-10-24,15:46:42,-07:00,2025-10-24T15:46:42-07:00,5,3
projects/project2_deceptive.html,451,html,2e572ad9,BaixiGuo,2025-10-24,15:46:42,-07:00,2025-10-24T15:46:42-07:00,4,7
projects/project2_deceptive.html,452,html,2e572ad9,BaixiGuo,2025-10-24,15:46:42,-07:00,2025-10-24T15:46:42-07:00,0,0
projects/project2_deceptive.html,453,html,2e572ad9,BaixiGuo,2025-10-24,15:46:42,-07:00,2025-10-24T15:46:42-07:00,4,25
projects/project2_deceptive.html,454,html,2e572ad9,BaixiGuo,2025-10-24,15:46:42,-07:00,2025-10-24T15:46:42-07:00,4,42
projects/project2_deceptive.html,455,html,2e572ad9,BaixiGuo,2025-10-24,15:46:42,-07:00,2025-10-24T15:46:42-07:00,4,2
projects/project2_deceptive.html,456,html,2e572ad9,BaixiGuo,2025-10-24,15:46:42,-07:00,2025-10-24T15:46:42-07:00,5,2
projects/project2_deceptive.html,457,html,2e572ad9,BaixiGuo,2025-10-24,15:46:42,-07:00,2025-10-24T15:46:42-07:00,6,25
projects/project2_deceptive.html,458,html,2e572ad9,BaixiGuo,2025-10-24,15:46:42,-07:00,2025-10-24T15:46:42-07:00,6,143
projects/project2_deceptive.html,459,html,2e572ad9,BaixiGuo,2025-10-24,15:46:42,-07:00,2025-10-24T15:46:42-07:00,6,82
projects/project2_deceptive.html,460,html,2e572ad9,BaixiGuo,2025-10-24,15:46:42,-07:00,2025-10-24T15:46:42-07:00,6,34
projects/project2_deceptive.html,461,html,2e572ad9,BaixiGuo,2025-10-24,15:46:42,-07:00,2025-10-24T15:46:42-07:00,5,3
projects/project2_deceptive.html,462,html,2e572ad9,BaixiGuo,2025-10-24,15:46:42,-07:00,2025-10-24T15:46:42-07:00,5,2
projects/project2_deceptive.html,463,html,2e572ad9,BaixiGuo,2025-10-24,15:46:42,-07:00,2025-10-24T15:46:42-07:00,6,15
projects/project2_deceptive.html,464,html,2e572ad9,BaixiGuo,2025-10-24,15:46:42,-07:00,2025-10-24T15:46:42-07:00,6,66
projects/project2_deceptive.html,465,html,2e572ad9,BaixiGuo,2025-10-24,15:46:42,-07:00,2025-10-24T15:46:42-07:00,6,99
projects/project2_deceptive.html,466,html,2e572ad9,BaixiGuo,2025-10-24,15:46:42,-07:00,2025-10-24T15:46:42-07:00,5,3
projects/project2_deceptive.html,467,html,2e572ad9,BaixiGuo,2025-10-24,15:46:42,-07:00,2025-10-24T15:46:42-07:00,5,2
projects/project2_deceptive.html,468,html,2e572ad9,BaixiGuo,2025-10-24,15:46:42,-07:00,2025-10-24T15:46:42-07:00,6,26
projects/project2_deceptive.html,469,html,2e572ad9,BaixiGuo,2025-10-24,15:46:42,-07:00,2025-10-24T15:46:42-07:00,6,88
projects/project2_deceptive.html,470,html,2e572ad9,BaixiGuo,2025-10-24,15:46:42,-07:00,2025-10-24T15:46:42-07:00,6,57
projects/project2_deceptive.html,471,html,2e572ad9,BaixiGuo,2025-10-24,15:46:42,-07:00,2025-10-24T15:46:42-07:00,6,91
projects/project2_deceptive.html,472,html,2e572ad9,BaixiGuo,2025-10-24,15:46:42,-07:00,2025-10-24T15:46:42-07:00,6,66
projects/project2_deceptive.html,473,html,2e572ad9,BaixiGuo,2025-10-24,15:46:42,-07:00,2025-10-24T15:46:42-07:00,5,3
projects/project2_deceptive.html,474,html,2e572ad9,BaixiGuo,2025-10-24,15:46:42,-07:00,2025-10-24T15:46:42-07:00,5,2
projects/project2_deceptive.html,475,html,2e572ad9,BaixiGuo,2025-10-24,15:46:42,-07:00,2025-10-24T15:46:42-07:00,6,28
projects/project2_deceptive.html,476,html,2e572ad9,BaixiGuo,2025-10-24,15:46:42,-07:00,2025-10-24T15:46:42-07:00,6,120
projects/project2_deceptive.html,477,html,2e572ad9,BaixiGuo,2025-10-24,15:46:42,-07:00,2025-10-24T15:46:42-07:00,6,101
projects/project2_deceptive.html,478,html,2e572ad9,BaixiGuo,2025-10-24,15:46:42,-07:00,2025-10-24T15:46:42-07:00,5,3
projects/project2_deceptive.html,479,html,2e572ad9,BaixiGuo,2025-10-24,15:46:42,-07:00,2025-10-24T15:46:42-07:00,4,3
projects/project2_deceptive.html,480,html,2e572ad9,BaixiGuo,2025-10-24,15:46:42,-07:00,2025-10-24T15:46:42-07:00,3,8
projects/project2_deceptive.html,481,html,2e572ad9,BaixiGuo,2025-10-24,15:46:42,-07:00,2025-10-24T15:46:42-07:00,0,0
projects/project2_deceptive.html,482,html,2e572ad9,BaixiGuo,2025-10-24,15:46:42,-07:00,2025-10-24T15:46:42-07:00,3,41
projects/project2_deceptive.html,483,html,2e572ad9,BaixiGuo,2025-10-24,15:46:42,-07:00,2025-10-24T15:46:42-07:00,3,7
projects/project2_deceptive.html,484,html,2e572ad9,BaixiGuo,2025-10-24,15:46:42,-07:00,2025-10-24T15:46:42-07:00,4,12
projects/project2_deceptive.html,485,html,2e572ad9,BaixiGuo,2025-10-24,15:46:42,-07:00,2025-10-24T15:46:42-07:00,4,69
projects/project2_deceptive.html,486,html,2e572ad9,BaixiGuo,2025-10-24,15:46:42,-07:00,2025-10-24T15:46:42-07:00,0,0
projects/project2_deceptive.html,487,html,2e572ad9,BaixiGuo,2025-10-24,15:46:42,-07:00,2025-10-24T15:46:42-07:00,4,20
projects/project2_deceptive.html,488,html,2e572ad9,BaixiGuo,2025-10-24,15:46:42,-07:00,2025-10-24T15:46:42-07:00,4,6
projects/project2_deceptive.html,489,html,2e572ad9,BaixiGuo,2025-10-24,15:46:42,-07:00,2025-10-24T15:46:42-07:00,5,74
projects/project2_deceptive.html,490,html,2e572ad9,BaixiGuo,2025-10-24,15:46:42,-07:00,2025-10-24T15:46:42-07:00,4,7
projects/project2_deceptive.html,491,html,2e572ad9,BaixiGuo,2025-10-24,15:46:42,-07:00,2025-10-24T15:46:42-07:00,0,0
projects/project2_deceptive.html,492,html,2e572ad9,BaixiGuo,2025-10-24,15:46:42,-07:00,2025-10-24T15:46:42-07:00,4,13
projects/project2_deceptive.html,493,html,2e572ad9,BaixiGuo,2025-10-24,15:46:42,-07:00,2025-10-24T15:46:42-07:00,4,53
projects/project2_deceptive.html,494,html,2e572ad9,BaixiGuo,2025-10-24,15:46:42,-07:00,2025-10-24T15:46:42-07:00,4,2
projects/project2_deceptive.html,495,html,2e572ad9,BaixiGuo,2025-10-24,15:46:42,-07:00,2025-10-24T15:46:42-07:00,5,2
projects/project2_deceptive.html,496,html,2e572ad9,BaixiGuo,2025-10-24,15:46:42,-07:00,2025-10-24T15:46:42-07:00,6,67
projects/project2_deceptive.html,497,html,2e572ad9,BaixiGuo,2025-10-24,15:46:42,-07:00,2025-10-24T15:46:42-07:00,6,2
projects/project2_deceptive.html,498,html,2e572ad9,BaixiGuo,2025-10-24,15:46:42,-07:00,2025-10-24T15:46:42-07:00,7,5
projects/project2_deceptive.html,499,html,2e572ad9,BaixiGuo,2025-10-24,15:46:42,-07:00,2025-10-24T15:46:42-07:00,8,24
projects/project2_deceptive.html,500,html,2e572ad9,BaixiGuo,2025-10-24,15:46:42,-07:00,2025-10-24T15:46:42-07:00,8,87
projects/project2_deceptive.html,501,html,2e572ad9,BaixiGuo,2025-10-24,15:46:42,-07:00,2025-10-24T15:46:42-07:00,8,70
projects/project2_deceptive.html,502,html,2e572ad9,BaixiGuo,2025-10-24,15:46:42,-07:00,2025-10-24T15:46:42-07:00,8,46
projects/project2_deceptive.html,503,html,2e572ad9,BaixiGuo,2025-10-24,15:46:42,-07:00,2025-10-24T15:46:42-07:00,8,45
projects/project2_deceptive.html,504,html,2e572ad9,BaixiGuo,2025-10-24,15:46:42,-07:00,2025-10-24T15:46:42-07:00,8,34
projects/project2_deceptive.html,505,html,2e572ad9,BaixiGuo,2025-10-24,15:46:42,-07:00,2025-10-24T15:46:42-07:00,8,126
projects/project2_deceptive.html,506,html,2e572ad9,BaixiGuo,2025-10-24,15:46:42,-07:00,2025-10-24T15:46:42-07:00,8,99
projects/project2_deceptive.html,507,html,2e572ad9,BaixiGuo,2025-10-24,15:46:42,-07:00,2025-10-24T15:46:42-07:00,7,7
projects/project2_deceptive.html,508,html,2e572ad9,BaixiGuo,2025-10-24,15:46:42,-07:00,2025-10-24T15:46:42-07:00,7,5
projects/project2_deceptive.html,509,html,2e572ad9,BaixiGuo,2025-10-24,15:46:42,-07:00,2025-10-24T15:46:42-07:00,8,20
projects/project2_deceptive.html,510,html,2e572ad9,BaixiGuo,2025-10-24,15:46:42,-07:00,2025-10-24T15:46:42-07:00,8,77
projects/project2_deceptive.html,511,html,2e572ad9,BaixiGuo,2025-10-24,15:46:42,-07:00,2025-10-24T15:46:42-07:00,8,95
projects/project2_deceptive.html,512,html,2e572ad9,BaixiGuo,2025-10-24,15:46:42,-07:00,2025-10-24T15:46:42-07:00,8,44
projects/project2_deceptive.html,513,html,2e572ad9,BaixiGuo,2025-10-24,15:46:42,-07:00,2025-10-24T15:46:42-07:00,7,7
projects/project2_deceptive.html,514,html,2e572ad9,BaixiGuo,2025-10-24,15:46:42,-07:00,2025-10-24T15:46:42-07:00,7,5
projects/project2_deceptive.html,515,html,2e572ad9,BaixiGuo,2025-10-24,15:46:42,-07:00,2025-10-24T15:46:42-07:00,8,35
projects/project2_deceptive.html,516,html,2e572ad9,BaixiGuo,2025-10-24,15:46:42,-07:00,2025-10-24T15:46:42-07:00,8,56
projects/project2_deceptive.html,517,html,2e572ad9,BaixiGuo,2025-10-24,15:46:42,-07:00,2025-10-24T15:46:42-07:00,8,91
projects/project2_deceptive.html,518,html,2e572ad9,BaixiGuo,2025-10-24,15:46:42,-07:00,2025-10-24T15:46:42-07:00,7,7
projects/project2_deceptive.html,519,html,2e572ad9,BaixiGuo,2025-10-24,15:46:42,-07:00,2025-10-24T15:46:42-07:00,7,5
projects/project2_deceptive.html,520,html,2e572ad9,BaixiGuo,2025-10-24,15:46:42,-07:00,2025-10-24T15:46:42-07:00,8,43
projects/project2_deceptive.html,521,html,2e572ad9,BaixiGuo,2025-10-24,15:46:42,-07:00,2025-10-24T15:46:42-07:00,8,108
projects/project2_deceptive.html,522,html,2e572ad9,BaixiGuo,2025-10-24,15:46:42,-07:00,2025-10-24T15:46:42-07:00,7,7
projects/project2_deceptive.html,523,html,2e572ad9,BaixiGuo,2025-10-24,15:46:42,-07:00,2025-10-24T15:46:42-07:00,7,5
projects/project2_deceptive.html,524,html,2e572ad9,BaixiGuo,2025-10-24,15:46:42,-07:00,2025-10-24T15:46:42-07:00,8,44
projects/project2_deceptive.html,525,html,2e572ad9,BaixiGuo,2025-10-24,15:46:42,-07:00,2025-10-24T15:46:42-07:00,8,42
projects/project2_deceptive.html,526,html,2e572ad9,BaixiGuo,2025-10-24,15:46:42,-07:00,2025-10-24T15:46:42-07:00,7,7
projects/project2_deceptive.html,527,html,2e572ad9,BaixiGuo,2025-10-24,15:46:42,-07:00,2025-10-24T15:46:42-07:00,7,7
projects/project2_deceptive.html,528,html,2e572ad9,BaixiGuo,2025-10-24,15:46:42,-07:00,2025-10-24T15:46:42-07:00,8,46
projects/project2_deceptive.html,529,html,2e572ad9,BaixiGuo,2025-10-24,15:46:42,-07:00,2025-10-24T15:46:42-07:00,8,81
projects/project2_deceptive.html,530,html,2e572ad9,BaixiGuo,2025-10-24,15:46:42,-07:00,2025-10-24T15:46:42-07:00,8,56
projects/project2_deceptive.html,531,html,2e572ad9,BaixiGuo,2025-10-24,15:46:42,-07:00,2025-10-24T15:46:42-07:00,8,67
projects/project2_deceptive.html,532,html,2e572ad9,BaixiGuo,2025-10-24,15:46:42,-07:00,2025-10-24T15:46:42-07:00,8,101
projects/project2_deceptive.html,533,html,2e572ad9,BaixiGuo,2025-10-24,15:46:42,-07:00,2025-10-24T15:46:42-07:00,7,7
projects/project2_deceptive.html,534,html,2e572ad9,BaixiGuo,2025-10-24,15:46:42,-07:00,2025-10-24T15:46:42-07:00,6,3
projects/project2_deceptive.html,535,html,2e572ad9,BaixiGuo,2025-10-24,15:46:42,-07:00,2025-10-24T15:46:42-07:00,5,3
projects/project2_deceptive.html,536,html,2e572ad9,BaixiGuo,2025-10-24,15:46:42,-07:00,2025-10-24T15:46:42-07:00,0,0
projects/project2_deceptive.html,537,html,2e572ad9,BaixiGuo,2025-10-24,15:46:42,-07:00,2025-10-24T15:46:42-07:00,5,2
projects/project2_deceptive.html,538,html,2e572ad9,BaixiGuo,2025-10-24,15:46:42,-07:00,2025-10-24T15:46:42-07:00,6,41
projects/project2_deceptive.html,539,html,2e572ad9,BaixiGuo,2025-10-24,15:46:42,-07:00,2025-10-24T15:46:42-07:00,6,2
projects/project2_deceptive.html,540,html,2e572ad9,BaixiGuo,2025-10-24,15:46:42,-07:00,2025-10-24T15:46:42-07:00,7,5
projects/project2_deceptive.html,541,html,2e572ad9,BaixiGuo,2025-10-24,15:46:42,-07:00,2025-10-24T15:46:42-07:00,8,24
projects/project2_deceptive.html,542,html,2e572ad9,BaixiGuo,2025-10-24,15:46:42,-07:00,2025-10-24T15:46:42-07:00,8,81
projects/project2_deceptive.html,543,html,2e572ad9,BaixiGuo,2025-10-24,15:46:42,-07:00,2025-10-24T15:46:42-07:00,8,28
projects/project2_deceptive.html,544,html,2e572ad9,BaixiGuo,2025-10-24,15:46:42,-07:00,2025-10-24T15:46:42-07:00,8,122
projects/project2_deceptive.html,545,html,2e572ad9,BaixiGuo,2025-10-24,15:46:42,-07:00,2025-10-24T15:46:42-07:00,8,27
projects/project2_deceptive.html,546,html,2e572ad9,BaixiGuo,2025-10-24,15:46:42,-07:00,2025-10-24T15:46:42-07:00,7,7
projects/project2_deceptive.html,547,html,2e572ad9,BaixiGuo,2025-10-24,15:46:42,-07:00,2025-10-24T15:46:42-07:00,7,5
projects/project2_deceptive.html,548,html,2e572ad9,BaixiGuo,2025-10-24,15:46:42,-07:00,2025-10-24T15:46:42-07:00,8,20
projects/project2_deceptive.html,549,html,2e572ad9,BaixiGuo,2025-10-24,15:46:42,-07:00,2025-10-24T15:46:42-07:00,8,44
projects/project2_deceptive.html,550,html,2e572ad9,BaixiGuo,2025-10-24,15:46:42,-07:00,2025-10-24T15:46:42-07:00,8,73
projects/project2_deceptive.html,551,html,2e572ad9,BaixiGuo,2025-10-24,15:46:42,-07:00,2025-10-24T15:46:42-07:00,8,47
projects/project2_deceptive.html,552,html,2e572ad9,BaixiGuo,2025-10-24,15:46:42,-07:00,2025-10-24T15:46:42-07:00,8,16
projects/project2_deceptive.html,553,html,2e572ad9,BaixiGuo,2025-10-24,15:46:42,-07:00,2025-10-24T15:46:42-07:00,8,136
projects/project2_deceptive.html,554,html,2e572ad9,BaixiGuo,2025-10-24,15:46:42,-07:00,2025-10-24T15:46:42-07:00,7,7
projects/project2_deceptive.html,555,html,2e572ad9,BaixiGuo,2025-10-24,15:46:42,-07:00,2025-10-24T15:46:42-07:00,7,5
projects/project2_deceptive.html,556,html,2e572ad9,BaixiGuo,2025-10-24,15:46:42,-07:00,2025-10-24T15:46:42-07:00,8,35
projects/project2_deceptive.html,557,html,2e572ad9,BaixiGuo,2025-10-24,15:46:42,-07:00,2025-10-24T15:46:42-07:00,8,62
projects/project2_deceptive.html,558,html,2e572ad9,BaixiGuo,2025-10-24,15:46:42,-07:00,2025-10-24T15:46:42-07:00,8,77
projects/project2_deceptive.html,559,html,2e572ad9,BaixiGuo,2025-10-24,15:46:42,-07:00,2025-10-24T15:46:42-07:00,8,83
projects/project2_deceptive.html,560,html,2e572ad9,BaixiGuo,2025-10-24,15:46:42,-07:00,2025-10-24T15:46:42-07:00,7,7
projects/project2_deceptive.html,561,html,2e572ad9,BaixiGuo,2025-10-24,15:46:42,-07:00,2025-10-24T15:46:42-07:00,7,5
projects/project2_deceptive.html,562,html,2e572ad9,BaixiGuo,2025-10-24,15:46:42,-07:00,2025-10-24T15:46:42-07:00,8,43
projects/project2_deceptive.html,563,html,2e572ad9,BaixiGuo,2025-10-24,15:46:42,-07:00,2025-10-24T15:46:42-07:00,8,82
projects/project2_deceptive.html,564,html,2e572ad9,BaixiGuo,2025-10-24,15:46:42,-07:00,2025-10-24T15:46:42-07:00,7,7
projects/project2_deceptive.html,565,html,2e572ad9,BaixiGuo,2025-10-24,15:46:42,-07:00,2025-10-24T15:46:42-07:00,7,5
projects/project2_deceptive.html,566,html,2e572ad9,BaixiGuo,2025-10-24,15:46:42,-07:00,2025-10-24T15:46:42-07:00,8,44
projects/project2_deceptive.html,567,html,2e572ad9,BaixiGuo,2025-10-24,15:46:42,-07:00,2025-10-24T15:46:42-07:00,8,57
projects/project2_deceptive.html,568,html,2e572ad9,BaixiGuo,2025-10-24,15:46:42,-07:00,2025-10-24T15:46:42-07:00,7,7
projects/project2_deceptive.html,569,html,2e572ad9,BaixiGuo,2025-10-24,15:46:42,-07:00,2025-10-24T15:46:42-07:00,7,5
projects/project2_deceptive.html,570,html,2e572ad9,BaixiGuo,2025-10-24,15:46:42,-07:00,2025-10-24T15:46:42-07:00,8,46
projects/project2_deceptive.html,571,html,2e572ad9,BaixiGuo,2025-10-24,15:46:42,-07:00,2025-10-24T15:46:42-07:00,8,65
projects/project2_deceptive.html,572,html,2e572ad9,BaixiGuo,2025-10-24,15:46:42,-07:00,2025-10-24T15:46:42-07:00,8,51
projects/project2_deceptive.html,573,html,2e572ad9,BaixiGuo,2025-10-24,15:46:42,-07:00,2025-10-24T15:46:42-07:00,8,66
projects/project2_deceptive.html,574,html,2e572ad9,BaixiGuo,2025-10-24,15:46:42,-07:00,2025-10-24T15:46:42-07:00,7,7
projects/project2_deceptive.html,575,html,2e572ad9,BaixiGuo,2025-10-24,15:46:42,-07:00,2025-10-24T15:46:42-07:00,6,3
projects/project2_deceptive.html,576,html,2e572ad9,BaixiGuo,2025-10-24,15:46:42,-07:00,2025-10-24T15:46:42-07:00,5,3
projects/project2_deceptive.html,577,html,2e572ad9,BaixiGuo,2025-10-24,15:46:42,-07:00,2025-10-24T15:46:42-07:00,0,0
projects/project2_deceptive.html,578,html,2e572ad9,BaixiGuo,2025-10-24,15:46:42,-07:00,2025-10-24T15:46:42-07:00,5,2
projects/project2_deceptive.html,579,html,2e572ad9,BaixiGuo,2025-10-24,15:46:42,-07:00,2025-10-24T15:46:42-07:00,6,80
projects/project2_deceptive.html,580,html,2e572ad9,BaixiGuo,2025-10-24,15:46:42,-07:00,2025-10-24T15:46:42-07:00,6,2
projects/project2_deceptive.html,581,html,2e572ad9,BaixiGuo,2025-10-24,15:46:42,-07:00,2025-10-24T15:46:42-07:00,7,5
projects/project2_deceptive.html,582,html,2e572ad9,BaixiGuo,2025-10-24,15:46:42,-07:00,2025-10-24T15:46:42-07:00,8,24
projects/project2_deceptive.html,583,html,2e572ad9,BaixiGuo,2025-10-24,15:46:42,-07:00,2025-10-24T15:46:42-07:00,8,61
projects/project2_deceptive.html,584,html,2e572ad9,BaixiGuo,2025-10-24,15:46:42,-07:00,2025-10-24T15:46:42-07:00,7,7
projects/project2_deceptive.html,585,html,2e572ad9,BaixiGuo,2025-10-24,15:46:42,-07:00,2025-10-24T15:46:42-07:00,7,5
projects/project2_deceptive.html,586,html,2e572ad9,BaixiGuo,2025-10-24,15:46:42,-07:00,2025-10-24T15:46:42-07:00,8,20
projects/project2_deceptive.html,587,html,2e572ad9,BaixiGuo,2025-10-24,15:46:42,-07:00,2025-10-24T15:46:42-07:00,8,117
projects/project2_deceptive.html,588,html,2e572ad9,BaixiGuo,2025-10-24,15:46:42,-07:00,2025-10-24T15:46:42-07:00,8,73
projects/project2_deceptive.html,589,html,2e572ad9,BaixiGuo,2025-10-24,15:46:42,-07:00,2025-10-24T15:46:42-07:00,8,19
projects/project2_deceptive.html,590,html,2e572ad9,BaixiGuo,2025-10-24,15:46:42,-07:00,2025-10-24T15:46:42-07:00,8,115
projects/project2_deceptive.html,591,html,2e572ad9,BaixiGuo,2025-10-24,15:46:42,-07:00,2025-10-24T15:46:42-07:00,7,7
projects/project2_deceptive.html,592,html,2e572ad9,BaixiGuo,2025-10-24,15:46:42,-07:00,2025-10-24T15:46:42-07:00,7,5
projects/project2_deceptive.html,593,html,2e572ad9,BaixiGuo,2025-10-24,15:46:42,-07:00,2025-10-24T15:46:42-07:00,8,35
projects/project2_deceptive.html,594,html,2e572ad9,BaixiGuo,2025-10-24,15:46:42,-07:00,2025-10-24T15:46:42-07:00,8,47
projects/project2_deceptive.html,595,html,2e572ad9,BaixiGuo,2025-10-24,15:46:42,-07:00,2025-10-24T15:46:42-07:00,8,107
projects/project2_deceptive.html,596,html,2e572ad9,BaixiGuo,2025-10-24,15:46:42,-07:00,2025-10-24T15:46:42-07:00,7,7
projects/project2_deceptive.html,597,html,2e572ad9,BaixiGuo,2025-10-24,15:46:42,-07:00,2025-10-24T15:46:42-07:00,7,5
projects/project2_deceptive.html,598,html,2e572ad9,BaixiGuo,2025-10-24,15:46:42,-07:00,2025-10-24T15:46:42-07:00,8,43
projects/project2_deceptive.html,599,html,2e572ad9,BaixiGuo,2025-10-24,15:46:42,-07:00,2025-10-24T15:46:42-07:00,8,99
projects/project2_deceptive.html,600,html,2e572ad9,BaixiGuo,2025-10-24,15:46:42,-07:00,2025-10-24T15:46:42-07:00,7,7
projects/project2_deceptive.html,601,html,2e572ad9,BaixiGuo,2025-10-24,15:46:42,-07:00,2025-10-24T15:46:42-07:00,7,5
projects/project2_deceptive.html,602,html,2e572ad9,BaixiGuo,2025-10-24,15:46:42,-07:00,2025-10-24T15:46:42-07:00,8,44
projects/project2_deceptive.html,603,html,2e572ad9,BaixiGuo,2025-10-24,15:46:42,-07:00,2025-10-24T15:46:42-07:00,8,30
projects/project2_deceptive.html,604,html,2e572ad9,BaixiGuo,2025-10-24,15:46:42,-07:00,2025-10-24T15:46:42-07:00,7,7
projects/project2_deceptive.html,605,html,2e572ad9,BaixiGuo,2025-10-24,15:46:42,-07:00,2025-10-24T15:46:42-07:00,7,5
projects/project2_deceptive.html,606,html,2e572ad9,BaixiGuo,2025-10-24,15:46:42,-07:00,2025-10-24T15:46:42-07:00,8,46
projects/project2_deceptive.html,607,html,2e572ad9,BaixiGuo,2025-10-24,15:46:42,-07:00,2025-10-24T15:46:42-07:00,8,64
projects/project2_deceptive.html,608,html,2e572ad9,BaixiGuo,2025-10-24,15:46:42,-07:00,2025-10-24T15:46:42-07:00,8,71
projects/project2_deceptive.html,609,html,2e572ad9,BaixiGuo,2025-10-24,15:46:42,-07:00,2025-10-24T15:46:42-07:00,8,50
projects/project2_deceptive.html,610,html,2e572ad9,BaixiGuo,2025-10-24,15:46:42,-07:00,2025-10-24T15:46:42-07:00,7,7
projects/project2_deceptive.html,611,html,2e572ad9,BaixiGuo,2025-10-24,15:46:42,-07:00,2025-10-24T15:46:42-07:00,6,3
projects/project2_deceptive.html,612,html,2e572ad9,BaixiGuo,2025-10-24,15:46:42,-07:00,2025-10-24T15:46:42-07:00,5,3
projects/project2_deceptive.html,613,html,2e572ad9,BaixiGuo,2025-10-24,15:46:42,-07:00,2025-10-24T15:46:42-07:00,0,0
projects/project2_deceptive.html,614,html,2e572ad9,BaixiGuo,2025-10-24,15:46:42,-07:00,2025-10-24T15:46:42-07:00,5,2
projects/project2_deceptive.html,615,html,2e572ad9,BaixiGuo,2025-10-24,15:46:42,-07:00,2025-10-24T15:46:42-07:00,6,81
projects/project2_deceptive.html,616,html,2e572ad9,BaixiGuo,2025-10-24,15:46:42,-07:00,2025-10-24T15:46:42-07:00,6,2
projects/project2_deceptive.html,617,html,2e572ad9,BaixiGuo,2025-10-24,15:46:42,-07:00,2025-10-24T15:46:42-07:00,7,5
projects/project2_deceptive.html,618,html,2e572ad9,BaixiGuo,2025-10-24,15:46:42,-07:00,2025-10-24T15:46:42-07:00,8,24
projects/project2_deceptive.html,619,html,2e572ad9,BaixiGuo,2025-10-24,15:46:42,-07:00,2025-10-24T15:46:42-07:00,8,60
projects/project2_deceptive.html,620,html,2e572ad9,BaixiGuo,2025-10-24,15:46:42,-07:00,2025-10-24T15:46:42-07:00,8,110
projects/project2_deceptive.html,621,html,2e572ad9,BaixiGuo,2025-10-24,15:46:42,-07:00,2025-10-24T15:46:42-07:00,8,66
projects/project2_deceptive.html,622,html,2e572ad9,BaixiGuo,2025-10-24,15:46:42,-07:00,2025-10-24T15:46:42-07:00,7,7
projects/project2_deceptive.html,623,html,2e572ad9,BaixiGuo,2025-10-24,15:46:42,-07:00,2025-10-24T15:46:42-07:00,7,5
projects/project2_deceptive.html,624,html,2e572ad9,BaixiGuo,2025-10-24,15:46:42,-07:00,2025-10-24T15:46:42-07:00,8,20
projects/project2_deceptive.html,625,html,2e572ad9,BaixiGuo,2025-10-24,15:46:42,-07:00,2025-10-24T15:46:42-07:00,8,95
projects/project2_deceptive.html,626,html,2e572ad9,BaixiGuo,2025-10-24,15:46:42,-07:00,2025-10-24T15:46:42-07:00,8,113
projects/project2_deceptive.html,627,html,2e572ad9,BaixiGuo,2025-10-24,15:46:42,-07:00,2025-10-24T15:46:42-07:00,8,74
projects/project2_deceptive.html,628,html,2e572ad9,BaixiGuo,2025-10-24,15:46:42,-07:00,2025-10-24T15:46:42-07:00,7,7
projects/project2_deceptive.html,629,html,2e572ad9,BaixiGuo,2025-10-24,15:46:42,-07:00,2025-10-24T15:46:42-07:00,7,5
projects/project2_deceptive.html,630,html,2e572ad9,BaixiGuo,2025-10-24,15:46:42,-07:00,2025-10-24T15:46:42-07:00,8,35
projects/project2_deceptive.html,631,html,2e572ad9,BaixiGuo,2025-10-24,15:46:42,-07:00,2025-10-24T15:46:42-07:00,8,57
projects/project2_deceptive.html,632,html,2e572ad9,BaixiGuo,2025-10-24,15:46:42,-07:00,2025-10-24T15:46:42-07:00,8,67
projects/project2_deceptive.html,633,html,2e572ad9,BaixiGuo,2025-10-24,15:46:42,-07:00,2025-10-24T15:46:42-07:00,8,72
projects/project2_deceptive.html,634,html,2e572ad9,BaixiGuo,2025-10-24,15:46:42,-07:00,2025-10-24T15:46:42-07:00,8,44
projects/project2_deceptive.html,635,html,2e572ad9,BaixiGuo,2025-10-24,15:46:42,-07:00,2025-10-24T15:46:42-07:00,7,7
projects/project2_deceptive.html,636,html,2e572ad9,BaixiGuo,2025-10-24,15:46:42,-07:00,2025-10-24T15:46:42-07:00,7,5
projects/project2_deceptive.html,637,html,2e572ad9,BaixiGuo,2025-10-24,15:46:42,-07:00,2025-10-24T15:46:42-07:00,8,43
projects/project2_deceptive.html,638,html,2e572ad9,BaixiGuo,2025-10-24,15:46:42,-07:00,2025-10-24T15:46:42-07:00,8,97
projects/project2_deceptive.html,639,html,2e572ad9,BaixiGuo,2025-10-24,15:46:42,-07:00,2025-10-24T15:46:42-07:00,8,110
projects/project2_deceptive.html,640,html,2e572ad9,BaixiGuo,2025-10-24,15:46:42,-07:00,2025-10-24T15:46:42-07:00,7,7
projects/project2_deceptive.html,641,html,2e572ad9,BaixiGuo,2025-10-24,15:46:42,-07:00,2025-10-24T15:46:42-07:00,7,5
projects/project2_deceptive.html,642,html,2e572ad9,BaixiGuo,2025-10-24,15:46:42,-07:00,2025-10-24T15:46:42-07:00,8,44
projects/project2_deceptive.html,643,html,2e572ad9,BaixiGuo,2025-10-24,15:46:42,-07:00,2025-10-24T15:46:42-07:00,8,66
projects/project2_deceptive.html,644,html,2e572ad9,BaixiGuo,2025-10-24,15:46:42,-07:00,2025-10-24T15:46:42-07:00,7,7
projects/project2_deceptive.html,645,html,2e572ad9,BaixiGuo,2025-10-24,15:46:42,-07:00,2025-10-24T15:46:42-07:00,7,5
projects/project2_deceptive.html,646,html,2e572ad9,BaixiGuo,2025-10-24,15:46:42,-07:00,2025-10-24T15:46:42-07:00,8,46
projects/project2_deceptive.html,647,html,2e572ad9,BaixiGuo,2025-10-24,15:46:42,-07:00,2025-10-24T15:46:42-07:00,8,102
projects/project2_deceptive.html,648,html,2e572ad9,BaixiGuo,2025-10-24,15:46:42,-07:00,2025-10-24T15:46:42-07:00,8,88
projects/project2_deceptive.html,649,html,2e572ad9,BaixiGuo,2025-10-24,15:46:42,-07:00,2025-10-24T15:46:42-07:00,7,7
projects/project2_deceptive.html,650,html,2e572ad9,BaixiGuo,2025-10-24,15:46:42,-07:00,2025-10-24T15:46:42-07:00,6,3
projects/project2_deceptive.html,651,html,2e572ad9,BaixiGuo,2025-10-24,15:46:42,-07:00,2025-10-24T15:46:42-07:00,5,3
projects/project2_deceptive.html,652,html,2e572ad9,BaixiGuo,2025-10-24,15:46:42,-07:00,2025-10-24T15:46:42-07:00,4,3
projects/project2_deceptive.html,653,html,2e572ad9,BaixiGuo,2025-10-24,15:46:42,-07:00,2025-10-24T15:46:42-07:00,0,0
projects/project2_deceptive.html,654,html,2e572ad9,BaixiGuo,2025-10-24,15:46:42,-07:00,2025-10-24T15:46:42-07:00,4,25
projects/project2_deceptive.html,655,html,2e572ad9,BaixiGuo,2025-10-24,15:46:42,-07:00,2025-10-24T15:46:42-07:00,4,42
projects/project2_deceptive.html,656,html,2e572ad9,BaixiGuo,2025-10-24,15:46:42,-07:00,2025-10-24T15:46:42-07:00,4,2
projects/project2_deceptive.html,657,html,2e572ad9,BaixiGuo,2025-10-24,15:46:42,-07:00,2025-10-24T15:46:42-07:00,5,2
projects/project2_deceptive.html,658,html,2e572ad9,BaixiGuo,2025-10-24,15:46:42,-07:00,2025-10-24T15:46:42-07:00,6,26
projects/project2_deceptive.html,659,html,2e572ad9,BaixiGuo,2025-10-24,15:46:42,-07:00,2025-10-24T15:46:42-07:00,6,109
projects/project2_deceptive.html,660,html,2e572ad9,BaixiGuo,2025-10-24,15:46:42,-07:00,2025-10-24T15:46:42-07:00,6,104
projects/project2_deceptive.html,661,html,2e572ad9,BaixiGuo,2025-10-24,15:46:42,-07:00,2025-10-24T15:46:42-07:00,5,3
projects/project2_deceptive.html,662,html,2e572ad9,BaixiGuo,2025-10-24,15:46:42,-07:00,2025-10-24T15:46:42-07:00,5,2
projects/project2_deceptive.html,663,html,2e572ad9,BaixiGuo,2025-10-24,15:46:42,-07:00,2025-10-24T15:46:42-07:00,6,15
projects/project2_deceptive.html,664,html,2e572ad9,BaixiGuo,2025-10-24,15:46:42,-07:00,2025-10-24T15:46:42-07:00,6,76
projects/project2_deceptive.html,665,html,2e572ad9,BaixiGuo,2025-10-24,15:46:42,-07:00,2025-10-24T15:46:42-07:00,6,79
projects/project2_deceptive.html,666,html,2e572ad9,BaixiGuo,2025-10-24,15:46:42,-07:00,2025-10-24T15:46:42-07:00,6,90
projects/project2_deceptive.html,667,html,2e572ad9,BaixiGuo,2025-10-24,15:46:42,-07:00,2025-10-24T15:46:42-07:00,6,76
projects/project2_deceptive.html,668,html,2e572ad9,BaixiGuo,2025-10-24,15:46:42,-07:00,2025-10-24T15:46:42-07:00,6,79
projects/project2_deceptive.html,669,html,2e572ad9,BaixiGuo,2025-10-24,15:46:42,-07:00,2025-10-24T15:46:42-07:00,6,90
projects/project2_deceptive.html,670,html,2e572ad9,BaixiGuo,2025-10-24,15:46:42,-07:00,2025-10-24T15:46:42-07:00,5,3
projects/project2_deceptive.html,671,html,2e572ad9,BaixiGuo,2025-10-24,15:46:42,-07:00,2025-10-24T15:46:42-07:00,4,3
projects/project2_deceptive.html,672,html,2e572ad9,BaixiGuo,2025-10-24,15:46:42,-07:00,2025-10-24T15:46:42-07:00,3,8
projects/project2_deceptive.html,673,html,2e572ad9,BaixiGuo,2025-10-24,15:46:42,-07:00,2025-10-24T15:46:42-07:00,0,0
projects/project2_deceptive.html,674,html,2e572ad9,BaixiGuo,2025-10-24,15:46:42,-07:00,2025-10-24T15:46:42-07:00,3,25
projects/project2_deceptive.html,675,html,2e572ad9,BaixiGuo,2025-10-24,15:46:42,-07:00,2025-10-24T15:46:42-07:00,3,7
projects/project2_deceptive.html,676,html,2e572ad9,BaixiGuo,2025-10-24,15:46:42,-07:00,2025-10-24T15:46:42-07:00,4,23
projects/project2_deceptive.html,677,html,2e572ad9,BaixiGuo,2025-10-24,15:46:42,-07:00,2025-10-24T15:46:42-07:00,4,1
projects/project2_deceptive.html,678,html,2e572ad9,BaixiGuo,2025-10-24,15:46:42,-07:00,2025-10-24T15:46:42-07:00,5,138
projects/project2_deceptive.html,679,html,2e572ad9,BaixiGuo,2025-10-24,15:46:42,-07:00,2025-10-24T15:46:42-07:00,5,48
projects/project2_deceptive.html,680,html,2e572ad9,BaixiGuo,2025-10-24,15:46:42,-07:00,2025-10-24T15:46:42-07:00,5,96
projects/project2_deceptive.html,681,html,2e572ad9,BaixiGuo,2025-10-24,15:46:42,-07:00,2025-10-24T15:46:42-07:00,5,64
projects/project2_deceptive.html,682,html,2e572ad9,BaixiGuo,2025-10-24,15:46:42,-07:00,2025-10-24T15:46:42-07:00,5,147
projects/project2_deceptive.html,683,html,2e572ad9,BaixiGuo,2025-10-24,15:46:42,-07:00,2025-10-24T15:46:42-07:00,5,65
projects/project2_deceptive.html,684,html,2e572ad9,BaixiGuo,2025-10-24,15:46:42,-07:00,2025-10-24T15:46:42-07:00,5,66
projects/project2_deceptive.html,685,html,2e572ad9,BaixiGuo,2025-10-24,15:46:42,-07:00,2025-10-24T15:46:42-07:00,5,67
projects/project2_deceptive.html,686,html,2e572ad9,BaixiGuo,2025-10-24,15:46:42,-07:00,2025-10-24T15:46:42-07:00,5,81
projects/project2_deceptive.html,687,html,2e572ad9,BaixiGuo,2025-10-24,15:46:42,-07:00,2025-10-24T15:46:42-07:00,5,121
projects/project2_deceptive.html,688,html,2e572ad9,BaixiGuo,2025-10-24,15:46:42,-07:00,2025-10-24T15:46:42-07:00,5,88
projects/project2_deceptive.html,689,html,2e572ad9,BaixiGuo,2025-10-24,15:46:42,-07:00,2025-10-24T15:46:42-07:00,5,176
projects/project2_deceptive.html,690,html,2e572ad9,BaixiGuo,2025-10-24,15:46:42,-07:00,2025-10-24T15:46:42-07:00,5,92
projects/project2_deceptive.html,691,html,2e572ad9,BaixiGuo,2025-10-24,15:46:42,-07:00,2025-10-24T15:46:42-07:00,4,2
projects/project2_deceptive.html,692,html,2e572ad9,BaixiGuo,2025-10-24,15:46:42,-07:00,2025-10-24T15:46:42-07:00,0,0
projects/project2_deceptive.html,693,html,2e572ad9,BaixiGuo,2025-10-24,15:46:42,-07:00,2025-10-24T15:46:42-07:00,4,1
projects/project2_deceptive.html,694,html,2e572ad9,BaixiGuo,2025-10-24,15:46:42,-07:00,2025-10-24T15:46:42-07:00,5,131
projects/project2_deceptive.html,695,html,2e572ad9,BaixiGuo,2025-10-24,15:46:42,-07:00,2025-10-24T15:46:42-07:00,5,59
projects/project2_deceptive.html,696,html,2e572ad9,BaixiGuo,2025-10-24,15:46:42,-07:00,2025-10-24T15:46:42-07:00,5,63
projects/project2_deceptive.html,697,html,2e572ad9,BaixiGuo,2025-10-24,15:46:42,-07:00,2025-10-24T15:46:42-07:00,5,130
projects/project2_deceptive.html,698,html,2e572ad9,BaixiGuo,2025-10-24,15:46:42,-07:00,2025-10-24T15:46:42-07:00,5,69
projects/project2_deceptive.html,699,html,2e572ad9,BaixiGuo,2025-10-24,15:46:42,-07:00,2025-10-24T15:46:42-07:00,5,72
projects/project2_deceptive.html,700,html,2e572ad9,BaixiGuo,2025-10-24,15:46:42,-07:00,2025-10-24T15:46:42-07:00,5,75
projects/project2_deceptive.html,701,html,2e572ad9,BaixiGuo,2025-10-24,15:46:42,-07:00,2025-10-24T15:46:42-07:00,5,162
projects/project2_deceptive.html,702,html,2e572ad9,BaixiGuo,2025-10-24,15:46:42,-07:00,2025-10-24T15:46:42-07:00,5,108
projects/project2_deceptive.html,703,html,2e572ad9,BaixiGuo,2025-10-24,15:46:42,-07:00,2025-10-24T15:46:42-07:00,5,123
projects/project2_deceptive.html,704,html,2e572ad9,BaixiGuo,2025-10-24,15:46:42,-07:00,2025-10-24T15:46:42-07:00,5,183
projects/project2_deceptive.html,705,html,2e572ad9,BaixiGuo,2025-10-24,15:46:42,-07:00,2025-10-24T15:46:42-07:00,5,33
projects/project2_deceptive.html,706,html,2e572ad9,BaixiGuo,2025-10-24,15:46:42,-07:00,2025-10-24T15:46:42-07:00,4,2
projects/project2_deceptive.html,707,html,2e572ad9,BaixiGuo,2025-10-24,15:46:42,-07:00,2025-10-24T15:46:42-07:00,0,0
projects/project2_deceptive.html,708,html,2e572ad9,BaixiGuo,2025-10-24,15:46:42,-07:00,2025-10-24T15:46:42-07:00,4,92
projects/project2_deceptive.html,709,html,2e572ad9,BaixiGuo,2025-10-24,15:46:42,-07:00,2025-10-24T15:46:42-07:00,5,41
projects/project2_deceptive.html,710,html,2e572ad9,BaixiGuo,2025-10-24,15:46:42,-07:00,2025-10-24T15:46:42-07:00,5,44
projects/project2_deceptive.html,711,html,2e572ad9,BaixiGuo,2025-10-24,15:46:42,-07:00,2025-10-24T15:46:42-07:00,5,65
projects/project2_deceptive.html,712,html,2e572ad9,BaixiGuo,2025-10-24,15:46:42,-07:00,2025-10-24T15:46:42-07:00,5,113
projects/project2_deceptive.html,713,html,2e572ad9,BaixiGuo,2025-10-24,15:46:42,-07:00,2025-10-24T15:46:42-07:00,5,89
projects/project2_deceptive.html,714,html,2e572ad9,BaixiGuo,2025-10-24,15:46:42,-07:00,2025-10-24T15:46:42-07:00,5,72
projects/project2_deceptive.html,715,html,2e572ad9,BaixiGuo,2025-10-24,15:46:42,-07:00,2025-10-24T15:46:42-07:00,4,2
projects/project2_deceptive.html,716,html,2e572ad9,BaixiGuo,2025-10-24,15:46:42,-07:00,2025-10-24T15:46:42-07:00,3,8
projects/project2_deceptive.html,717,html,2e572ad9,BaixiGuo,2025-10-24,15:46:42,-07:00,2025-10-24T15:46:42-07:00,2,5
projects/project2_deceptive.html,718,html,2e572ad9,BaixiGuo,2025-10-24,15:46:42,-07:00,2025-10-24T15:46:42-07:00,1,5
projects/project2_deceptive.html,719,html,2e572ad9,BaixiGuo,2025-10-24,15:46:42,-07:00,2025-10-24T15:46:42-07:00,0,5
projects/project.js,1,js,2e572ad9,BaixiGuo,2025-10-24,15:46:42,-07:00,2025-10-24T15:46:42-07:00,0,54
projects/project.js,2,js,00b953dd,BaixiGuo,2025-10-31,14:41:22,-07:00,2025-10-31T14:41:22-07:00,0,63
projects/project.js,3,js,2e572ad9,BaixiGuo,2025-10-24,15:46:42,-07:00,2025-10-24T15:46:42-07:00,0,0
projects/project.js,4,js,00b953dd,BaixiGuo,2025-10-31,14:41:22,-07:00,2025-10-31T14:41:22-07:00,0,35
projects/project.js,5,js,2e572ad9,BaixiGuo,2025-10-24,15:46:42,-07:00,2025-10-24T15:46:42-07:00,0,31
projects/project.js,6,js,2e572ad9,BaixiGuo,2025-10-24,15:46:42,-07:00,2025-10-24T15:46:42-07:00,0,55
projects/project.js,7,js,2e572ad9,BaixiGuo,2025-10-24,15:46:42,-07:00,2025-10-24T15:46:42-07:00,0,58
projects/project.js,8,js,2e572ad9,BaixiGuo,2025-10-24,15:46:42,-07:00,2025-10-24T15:46:42-07:00,0,0
projects/project.js,9,js,00b953dd,BaixiGuo,2025-10-31,14:41:22,-07:00,2025-10-31T14:41:22-07:00,0,27
projects/project.js,10,js,00b953dd,BaixiGuo,2025-10-31,14:41:22,-07:00,2025-10-31T14:41:22-07:00,0,23
projects/project.js,11,js,00b953dd,BaixiGuo,2025-10-31,14:41:22,-07:00,2025-10-31T14:41:22-07:00,0,0
projects/project.js,12,js,2e572ad9,BaixiGuo,2025-10-24,15:46:42,-07:00,2025-10-24T15:46:42-07:00,0,36
projects/project.js,13,js,00b953dd,BaixiGuo,2025-10-31,14:41:22,-07:00,2025-10-31T14:41:22-07:00,0,48
projects/project.js,14,js,00b953dd,BaixiGuo,2025-10-31,14:41:22,-07:00,2025-10-31T14:41:22-07:00,0,101
projects/project.js,15,js,00b953dd,BaixiGuo,2025-10-31,14:41:22,-07:00,2025-10-31T14:41:22-07:00,0,0
projects/project.js,16,js,00b953dd,BaixiGuo,2025-10-31,14:41:22,-07:00,2025-10-31T14:41:22-07:00,0,29
projects/project.js,17,js,00b953dd,BaixiGuo,2025-10-31,14:41:22,-07:00,2025-10-31T14:41:22-07:00,0,35
projects/project.js,18,js,00b953dd,BaixiGuo,2025-10-31,14:41:22,-07:00,2025-10-31T14:41:22-07:00,2,15
projects/project.js,19,js,00b953dd,BaixiGuo,2025-10-31,14:41:22,-07:00,2025-10-31T14:41:22-07:00,2,26
projects/project.js,20,js,00b953dd,BaixiGuo,2025-10-31,14:41:22,-07:00,2025-10-31T14:41:22-07:00,4,10
projects/project.js,21,js,00b953dd,BaixiGuo,2025-10-31,14:41:22,-07:00,2025-10-31T14:41:22-07:00,4,14
projects/project.js,22,js,00b953dd,BaixiGuo,2025-10-31,14:41:22,-07:00,2025-10-31T14:41:22-07:00,4,12
projects/project.js,23,js,00b953dd,BaixiGuo,2025-10-31,14:41:22,-07:00,2025-10-31T14:41:22-07:00,2,0
projects/project.js,24,js,00b953dd,BaixiGuo,2025-10-31,14:41:22,-07:00,2025-10-31T14:41:22-07:00,2,52
projects/project.js,25,js,00b953dd,BaixiGuo,2025-10-31,14:41:22,-07:00,2025-10-31T14:41:22-07:00,2,44
projects/project.js,26,js,00b953dd,BaixiGuo,2025-10-31,14:41:22,-07:00,2025-10-31T14:41:22-07:00,4,35
projects/project.js,27,js,00b953dd,BaixiGuo,2025-10-31,14:41:22,-07:00,2025-10-31T14:41:22-07:00,2,1
projects/project.js,28,js,00b953dd,BaixiGuo,2025-10-31,14:41:22,-07:00,2025-10-31T14:41:22-07:00,0,0
projects/project.js,29,js,00b953dd,BaixiGuo,2025-10-31,14:41:22,-07:00,2025-10-31T14:41:22-07:00,2,89
projects/project.js,30,js,00b953dd,BaixiGuo,2025-10-31,14:41:22,-07:00,2025-10-31T14:41:22-07:00,2,50
projects/project.js,31,js,00b953dd,BaixiGuo,2025-10-31,14:41:22,-07:00,2025-10-31T14:41:22-07:00,2,48
projects/project.js,32,js,00b953dd,BaixiGuo,2025-10-31,14:41:22,-07:00,2025-10-31T14:41:22-07:00,2,33
projects/project.js,33,js,00b953dd,BaixiGuo,2025-10-31,14:41:22,-07:00,2025-10-31T14:41:22-07:00,0,0
projects/project.js,34,js,00b953dd,BaixiGuo,2025-10-31,14:41:22,-07:00,2025-10-31T14:41:22-07:00,2,101
projects/project.js,35,js,00b953dd,BaixiGuo,2025-10-31,14:41:22,-07:00,2025-10-31T14:41:22-07:00,2,57
projects/project.js,36,js,00b953dd,BaixiGuo,2025-10-31,14:41:22,-07:00,2025-10-31T14:41:22-07:00,0,0
projects/project.js,37,js,00b953dd,BaixiGuo,2025-10-31,14:41:22,-07:00,2025-10-31T14:41:22-07:00,2,71
projects/project.js,38,js,00b953dd,BaixiGuo,2025-10-31,14:41:22,-07:00,2025-10-31T14:41:22-07:00,2,51
projects/project.js,39,js,00b953dd,BaixiGuo,2025-10-31,14:41:22,-07:00,2025-10-31T14:41:22-07:00,2,47
projects/project.js,40,js,00b953dd,BaixiGuo,2025-10-31,14:41:22,-07:00,2025-10-31T14:41:22-07:00,0,0
projects/project.js,41,js,00b953dd,BaixiGuo,2025-10-31,14:41:22,-07:00,2025-10-31T14:41:22-07:00,2,34
projects/project.js,42,js,837ba6e1,BaixiGuo,2025-11-05,12:57:56,-08:00,2025-11-05T12:57:56-08:00,2,47
projects/project.js,43,js,00b953dd,BaixiGuo,2025-10-31,14:41:22,-07:00,2025-10-31T14:41:22-07:00,2,30
projects/project.js,44,js,00b953dd,BaixiGuo,2025-10-31,14:41:22,-07:00,2025-10-31T14:41:22-07:00,0,0
projects/project.js,45,js,00b953dd,BaixiGuo,2025-10-31,14:41:22,-07:00,2025-10-31T14:41:22-07:00,2,38
projects/project.js,46,js,00b953dd,BaixiGuo,2025-10-31,14:41:22,-07:00,2025-10-31T14:41:22-07:00,2,33
projects/project.js,47,js,00b953dd,BaixiGuo,2025-10-31,14:41:22,-07:00,2025-10-31T14:41:22-07:00,0,0
projects/project.js,48,js,00b953dd,BaixiGuo,2025-10-31,14:41:22,-07:00,2025-10-31T14:41:22-07:00,2,21
projects/project.js,49,js,837ba6e1,BaixiGuo,2025-11-05,12:57:56,-08:00,2025-11-05T12:57:56-08:00,2,49
projects/project.js,50,js,837ba6e1,BaixiGuo,2025-11-05,12:57:56,-08:00,2025-11-05T12:57:56-08:00,4,28
projects/project.js,51,js,00b953dd,BaixiGuo,2025-10-31,14:41:22,-07:00,2025-10-31T14:41:22-07:00,4,22
projects/project.js,52,js,00b953dd,BaixiGuo,2025-10-31,14:41:22,-07:00,2025-10-31T14:41:22-07:00,4,12
projects/project.js,53,js,00b953dd,BaixiGuo,2025-10-31,14:41:22,-07:00,2025-10-31T14:41:22-07:00,4,11
projects/project.js,54,js,00b953dd,BaixiGuo,2025-10-31,14:41:22,-07:00,2025-10-31T14:41:22-07:00,4,21
projects/project.js,55,js,00b953dd,BaixiGuo,2025-10-31,14:41:22,-07:00,2025-10-31T14:41:22-07:00,4,22
projects/project.js,56,js,00b953dd,BaixiGuo,2025-10-31,14:41:22,-07:00,2025-10-31T14:41:22-07:00,4,32
projects/project.js,57,js,00b953dd,BaixiGuo,2025-10-31,14:41:22,-07:00,2025-10-31T14:41:22-07:00,4,22
projects/project.js,58,js,00b953dd,BaixiGuo,2025-10-31,14:41:22,-07:00,2025-10-31T14:41:22-07:00,4,23
projects/project.js,59,js,00b953dd,BaixiGuo,2025-10-31,14:41:22,-07:00,2025-10-31T14:41:22-07:00,0,0
projects/project.js,60,js,00b953dd,BaixiGuo,2025-10-31,14:41:22,-07:00,2025-10-31T14:41:22-07:00,2,18
projects/project.js,61,js,00b953dd,BaixiGuo,2025-10-31,14:41:22,-07:00,2025-10-31T14:41:22-07:00,2,38
projects/project.js,62,js,00b953dd,BaixiGuo,2025-10-31,14:41:22,-07:00,2025-10-31T14:41:22-07:00,2,24
projects/project.js,63,js,00b953dd,BaixiGuo,2025-10-31,14:41:22,-07:00,2025-10-31T14:41:22-07:00,4,21
projects/project.js,64,js,00b953dd,BaixiGuo,2025-10-31,14:41:22,-07:00,2025-10-31T14:41:22-07:00,6,38
projects/project.js,65,js,00b953dd,BaixiGuo,2025-10-31,14:41:22,-07:00,2025-10-31T14:41:22-07:00,6,27
projects/project.js,66,js,00b953dd,BaixiGuo,2025-10-31,14:41:22,-07:00,2025-10-31T14:41:22-07:00,6,5
projects/project.js,67,js,837ba6e1,BaixiGuo,2025-11-05,12:57:56,-08:00,2025-11-05T12:57:56-08:00,8,32
projects/project.js,68,js,00b953dd,BaixiGuo,2025-10-31,14:41:22,-07:00,2025-10-31T14:41:22-07:00,8,69
projects/project.js,69,js,00b953dd,BaixiGuo,2025-10-31,14:41:22,-07:00,2025-10-31T14:41:22-07:00,8,32
projects/project.js,70,js,00b953dd,BaixiGuo,2025-10-31,14:41:22,-07:00,2025-10-31T14:41:22-07:00,4,0
projects/project.js,71,js,00b953dd,BaixiGuo,2025-10-31,14:41:22,-07:00,2025-10-31T14:41:22-07:00,2,1
projects/project.js,72,js,00b953dd,BaixiGuo,2025-10-31,14:41:22,-07:00,2025-10-31T14:41:22-07:00,0,0
projects/project.js,73,js,00b953dd,BaixiGuo,2025-10-31,14:41:22,-07:00,2025-10-31T14:41:22-07:00,2,45
projects/project.js,74,js,00b953dd,BaixiGuo,2025-10-31,14:41:22,-07:00,2025-10-31T14:41:22-07:00,0,0
projects/project.js,75,js,00b953dd,BaixiGuo,2025-10-31,14:41:22,-07:00,2025-10-31T14:41:22-07:00,2,4
projects/project.js,76,js,00b953dd,BaixiGuo,2025-10-31,14:41:22,-07:00,2025-10-31T14:41:22-07:00,4,26
projects/project.js,77,js,00b953dd,BaixiGuo,2025-10-31,14:41:22,-07:00,2025-10-31T14:41:22-07:00,6,25
projects/project.js,78,js,00b953dd,BaixiGuo,2025-10-31,14:41:22,-07:00,2025-10-31T14:41:22-07:00,6,29
projects/project.js,79,js,00b953dd,BaixiGuo,2025-10-31,14:41:22,-07:00,2025-10-31T14:41:22-07:00,6,52
projects/project.js,80,js,00b953dd,BaixiGuo,2025-10-31,14:41:22,-07:00,2025-10-31T14:41:22-07:00,0,0
projects/project.js,81,js,00b953dd,BaixiGuo,2025-10-31,14:41:22,-07:00,2025-10-31T14:41:22-07:00,6,44
projects/project.js,82,js,00b953dd,BaixiGuo,2025-10-31,14:41:22,-07:00,2025-10-31T14:41:22-07:00,6,54
projects/project.js,83,js,00b953dd,BaixiGuo,2025-10-31,14:41:22,-07:00,2025-10-31T14:41:22-07:00,6,25
projects/project.js,84,js,00b953dd,BaixiGuo,2025-10-31,14:41:22,-07:00,2025-10-31T14:41:22-07:00,8,48
projects/project.js,85,js,00b953dd,BaixiGuo,2025-10-31,14:41:22,-07:00,2025-10-31T14:41:22-07:00,8,23
projects/project.js,86,js,00b953dd,BaixiGuo,2025-10-31,14:41:22,-07:00,2025-10-31T14:41:22-07:00,6,35
projects/project.js,87,js,00b953dd,BaixiGuo,2025-10-31,14:41:22,-07:00,2025-10-31T14:41:22-07:00,6,6
projects/project.js,88,js,00b953dd,BaixiGuo,2025-10-31,14:41:22,-07:00,2025-10-31T14:41:22-07:00,8,42
projects/project.js,89,js,00b953dd,BaixiGuo,2025-10-31,14:41:22,-07:00,2025-10-31T14:41:22-07:00,8,14
projects/project.js,90,js,00b953dd,BaixiGuo,2025-10-31,14:41:22,-07:00,2025-10-31T14:41:22-07:00,10,28
projects/project.js,91,js,00b953dd,BaixiGuo,2025-10-31,14:41:22,-07:00,2025-10-31T14:41:22-07:00,8,0
projects/project.js,92,js,00b953dd,BaixiGuo,2025-10-31,14:41:22,-07:00,2025-10-31T14:41:22-07:00,8,48
projects/project.js,93,js,00b953dd,BaixiGuo,2025-10-31,14:41:22,-07:00,2025-10-31T14:41:22-07:00,8,42
projects/project.js,94,js,00b953dd,BaixiGuo,2025-10-31,14:41:22,-07:00,2025-10-31T14:41:22-07:00,8,23
projects/project.js,95,js,00b953dd,BaixiGuo,2025-10-31,14:41:22,-07:00,2025-10-31T14:41:22-07:00,6,0
projects/project.js,96,js,00b953dd,BaixiGuo,2025-10-31,14:41:22,-07:00,2025-10-31T14:41:22-07:00,4,1
projects/project.js,97,js,00b953dd,BaixiGuo,2025-10-31,14:41:22,-07:00,2025-10-31T14:41:22-07:00,0,0
projects/project.js,98,js,00b953dd,BaixiGuo,2025-10-31,14:41:22,-07:00,2025-10-31T14:41:22-07:00,0,0
projects/project.js,99,js,00b953dd,BaixiGuo,2025-10-31,14:41:22,-07:00,2025-10-31T14:41:22-07:00,0,28
projects/project.js,100,js,00b953dd,BaixiGuo,2025-10-31,14:41:22,-07:00,2025-10-31T14:41:22-07:00,0,23
projects/project.js,101,js,00b953dd,BaixiGuo,2025-10-31,14:41:22,-07:00,2025-10-31T14:41:22-07:00,0,101
projects/project.js,102,js,00b953dd,BaixiGuo,2025-10-31,14:41:22,-07:00,2025-10-31T14:41:22-07:00,0,0
projects/project.js,103,js,00b953dd,BaixiGuo,2025-10-31,14:41:22,-07:00,2025-10-31T14:41:22-07:00,0,37
projects/project.js,104,js,00b953dd,BaixiGuo,2025-10-31,14:41:22,-07:00,2025-10-31T14:41:22-07:00,0,13
projects/project.js,105,js,00b953dd,BaixiGuo,2025-10-31,14:41:22,-07:00,2025-10-31T14:41:22-07:00,0,26
projects/project.js,106,js,00b953dd,BaixiGuo,2025-10-31,14:41:22,-07:00,2025-10-31T14:41:22-07:00,0,53
projects/project.js,107,js,00b953dd,BaixiGuo,2025-10-31,14:41:22,-07:00,2025-10-31T14:41:22-07:00,0,0
projects/project.js,108,js,00b953dd,BaixiGuo,2025-10-31,14:41:22,-07:00,2025-10-31T14:41:22-07:00,0,41
projects/project.js,109,js,837ba6e1,BaixiGuo,2025-11-05,12:57:56,-08:00,2025-11-05T12:57:56-08:00,0,49
projects/project.js,110,js,00b953dd,BaixiGuo,2025-10-31,14:41:22,-07:00,2025-10-31T14:41:22-07:00,2,15
projects/project.js,111,js,00b953dd,BaixiGuo,2025-10-31,14:41:22,-07:00,2025-10-31T14:41:22-07:00,2,39
projects/project.js,112,js,00b953dd,BaixiGuo,2025-10-31,14:41:22,-07:00,2025-10-31T14:41:22-07:00,2,32
projects/project.js,113,js,00b953dd,BaixiGuo,2025-10-31,14:41:22,-07:00,2025-10-31T14:41:22-07:00,0,0
projects/project.js,114,js,00b953dd,BaixiGuo,2025-10-31,14:41:22,-07:00,2025-10-31T14:41:22-07:00,2,39
projects/project.js,115,js,00b953dd,BaixiGuo,2025-10-31,14:41:22,-07:00,2025-10-31T14:41:22-07:00,2,51
projects/project.js,116,js,00b953dd,BaixiGuo,2025-10-31,14:41:22,-07:00,2025-10-31T14:41:22-07:00,4,59
projects/project.js,117,js,00b953dd,BaixiGuo,2025-10-31,14:41:22,-07:00,2025-10-31T14:41:22-07:00,4,18
projects/project.js,118,js,00b953dd,BaixiGuo,2025-10-31,14:41:22,-07:00,2025-10-31T14:41:22-07:00,4,34
projects/project.js,119,js,00b953dd,BaixiGuo,2025-10-31,14:41:22,-07:00,2025-10-31T14:41:22-07:00,4,28
projects/project.js,120,js,00b953dd,BaixiGuo,2025-10-31,14:41:22,-07:00,2025-10-31T14:41:22-07:00,2,1
projects/project.js,121,js,00b953dd,BaixiGuo,2025-10-31,14:41:22,-07:00,2025-10-31T14:41:22-07:00,0,0
projects/project.js,122,js,00b953dd,BaixiGuo,2025-10-31,14:41:22,-07:00,2025-10-31T14:41:22-07:00,2,43
projects/project.js,123,js,00b953dd,BaixiGuo,2025-10-31,14:41:22,-07:00,2025-10-31T14:41:22-07:00,2,50
projects/project.js,124,js,00b953dd,BaixiGuo,2025-10-31,14:41:22,-07:00,2025-10-31T14:41:22-07:00,2,56
projects/project.js,125,js,00b953dd,BaixiGuo,2025-10-31,14:41:22,-07:00,2025-10-31T14:41:22-07:00,2,31
projects/project.js,126,js,00b953dd,BaixiGuo,2025-10-31,14:41:22,-07:00,2025-10-31T14:41:22-07:00,0,1
projects/project.js,127,js,837ba6e1,BaixiGuo,2025-11-05,12:57:56,-08:00,2025-11-05T12:57:56-08:00,0,101
projects/project.js,128,js,837ba6e1,BaixiGuo,2025-11-05,12:57:56,-08:00,2025-11-05T12:57:56-08:00,0,0
projects/project.js,129,js,6f90ea5e,BaixiGuo,2025-11-06,12:25:46,-08:00,2025-11-06T12:25:46-08:00,0,36
projects/project.js,130,js,6f90ea5e,BaixiGuo,2025-11-06,12:25:46,-08:00,2025-11-06T12:25:46-08:00,0,109
projects/project.js,131,js,837ba6e1,BaixiGuo,2025-11-05,12:57:56,-08:00,2025-11-05T12:57:56-08:00,0,15
projects/project.js,132,js,c2a3fe56,BaixiGuo,2025-11-07,14:07:43,-08:00,2025-11-07T14:07:43-08:00,0,44
projects/project.js,133,js,837ba6e1,BaixiGuo,2025-11-05,12:57:56,-08:00,2025-11-05T12:57:56-08:00,0,50
projects/project.js,134,js,837ba6e1,BaixiGuo,2025-11-05,12:57:56,-08:00,2025-11-05T12:57:56-08:00,0,32
projects/project.js,135,js,6f90ea5e,BaixiGuo,2025-11-06,12:25:46,-08:00,2025-11-06T12:25:46-08:00,0,45
projects/project.js,136,js,6f90ea5e,BaixiGuo,2025-11-06,12:25:46,-08:00,2025-11-06T12:25:46-08:00,0,59
projects/project.js,137,js,1dd9d240,BaixiGuo,2025-11-07,00:52:00,-08:00,2025-11-07T00:52:00-08:00,0,24
projects/project.js,138,js,837ba6e1,BaixiGuo,2025-11-05,12:57:56,-08:00,2025-11-05T12:57:56-08:00,0,0
projects/project.js,139,js,6f90ea5e,BaixiGuo,2025-11-06,12:25:46,-08:00,2025-11-06T12:25:46-08:00,0,46
projects/project.js,140,js,6f90ea5e,BaixiGuo,2025-11-06,12:25:46,-08:00,2025-11-06T12:25:46-08:00,0,14
projects/project.js,141,js,837ba6e1,BaixiGuo,2025-11-05,12:57:56,-08:00,2025-11-05T12:57:56-08:00,0,32
projects/project.js,142,js,6f90ea5e,BaixiGuo,2025-11-06,12:25:46,-08:00,2025-11-06T12:25:46-08:00,1,19
projects/project.js,143,js,1dd9d240,BaixiGuo,2025-11-07,00:52:00,-08:00,2025-11-07T00:52:00-08:00,1,21
projects/project.js,144,js,837ba6e1,BaixiGuo,2025-11-05,12:57:56,-08:00,2025-11-05T12:57:56-08:00,1,37
projects/project.js,145,js,837ba6e1,BaixiGuo,2025-11-05,12:57:56,-08:00,2025-11-05T12:57:56-08:00,1,44
projects/project.js,146,js,6f90ea5e,BaixiGuo,2025-11-06,12:25:46,-08:00,2025-11-06T12:25:46-08:00,0,15
projects/project.js,147,js,837ba6e1,BaixiGuo,2025-11-05,12:57:56,-08:00,2025-11-05T12:57:56-08:00,0,23
projects/project.js,148,js,6f90ea5e,BaixiGuo,2025-11-06,12:25:46,-08:00,2025-11-06T12:25:46-08:00,1,20
projects/project.js,149,js,6f90ea5e,BaixiGuo,2025-11-06,12:25:46,-08:00,2025-11-06T12:25:46-08:00,1,59
projects/project.js,150,js,837ba6e1,BaixiGuo,2025-11-05,12:57:56,-08:00,2025-11-05T12:57:56-08:00,0,0
projects/project.js,151,js,6f90ea5e,BaixiGuo,2025-11-06,12:25:46,-08:00,2025-11-06T12:25:46-08:00,0,32
projects/project.js,152,js,6f90ea5e,BaixiGuo,2025-11-06,12:25:46,-08:00,2025-11-06T12:25:46-08:00,0,30
projects/project.js,153,js,6f90ea5e,BaixiGuo,2025-11-06,12:25:46,-08:00,2025-11-06T12:25:46-08:00,1,25
projects/project.js,154,js,837ba6e1,BaixiGuo,2025-11-05,12:57:56,-08:00,2025-11-05T12:57:56-08:00,1,39
projects/project.js,155,js,6f90ea5e,BaixiGuo,2025-11-06,12:25:46,-08:00,2025-11-06T12:25:46-08:00,2,31
projects/project.js,156,js,6f90ea5e,BaixiGuo,2025-11-06,12:25:46,-08:00,2025-11-06T12:25:46-08:00,3,29
projects/project.js,157,js,6f90ea5e,BaixiGuo,2025-11-06,12:25:46,-08:00,2025-11-06T12:25:46-08:00,2,16
projects/project.js,158,js,837ba6e1,BaixiGuo,2025-11-05,12:57:56,-08:00,2025-11-05T12:57:56-08:00,3,20
projects/project.js,159,js,6f90ea5e,BaixiGuo,2025-11-06,12:25:46,-08:00,2025-11-06T12:25:46-08:00,3,33
projects/project.js,160,js,837ba6e1,BaixiGuo,2025-11-05,12:57:56,-08:00,2025-11-05T12:57:56-08:00,1,0
projects/project.js,161,js,837ba6e1,BaixiGuo,2025-11-05,12:57:56,-08:00,2025-11-05T12:57:56-08:00,0,0
projects/project.js,162,js,6f90ea5e,BaixiGuo,2025-11-06,12:25:46,-08:00,2025-11-06T12:25:46-08:00,1,23
projects/project.js,163,js,6f90ea5e,BaixiGuo,2025-11-06,12:25:46,-08:00,2025-11-06T12:25:46-08:00,1,23
projects/project.js,164,js,6f90ea5e,BaixiGuo,2025-11-06,12:25:46,-08:00,2025-11-06T12:25:46-08:00,2,27
projects/project.js,165,js,6f90ea5e,BaixiGuo,2025-11-06,12:25:46,-08:00,2025-11-06T12:25:46-08:00,2,25
projects/project.js,166,js,6f90ea5e,BaixiGuo,2025-11-06,12:25:46,-08:00,2025-11-06T12:25:46-08:00,2,40
projects/project.js,167,js,837ba6e1,BaixiGuo,2025-11-05,12:57:56,-08:00,2025-11-05T12:57:56-08:00,1,31
projects/project.js,168,js,837ba6e1,BaixiGuo,2025-11-05,12:57:56,-08:00,2025-11-05T12:57:56-08:00,2,9
projects/project.js,169,js,837ba6e1,BaixiGuo,2025-11-05,12:57:56,-08:00,2025-11-05T12:57:56-08:00,2,8
projects/project.js,170,js,6f90ea5e,BaixiGuo,2025-11-06,12:25:46,-08:00,2025-11-06T12:25:46-08:00,2,21
projects/project.js,171,js,6f90ea5e,BaixiGuo,2025-11-06,12:25:46,-08:00,2025-11-06T12:25:46-08:00,0,0
projects/project.js,172,js,6f90ea5e,BaixiGuo,2025-11-06,12:25:46,-08:00,2025-11-06T12:25:46-08:00,1,26
projects/project.js,173,js,6f90ea5e,BaixiGuo,2025-11-06,12:25:46,-08:00,2025-11-06T12:25:46-08:00,1,30
projects/project.js,174,js,6f90ea5e,BaixiGuo,2025-11-06,12:25:46,-08:00,2025-11-06T12:25:46-08:00,2,62
projects/project.js,175,js,6f90ea5e,BaixiGuo,2025-11-06,12:25:46,-08:00,2025-11-06T12:25:46-08:00,2,45
projects/project.js,176,js,6f90ea5e,BaixiGuo,2025-11-06,12:25:46,-08:00,2025-11-06T12:25:46-08:00,2,74
projects/project.js,177,js,6f90ea5e,BaixiGuo,2025-11-06,12:25:46,-08:00,2025-11-06T12:25:46-08:00,2,16
projects/project.js,178,js,837ba6e1,BaixiGuo,2025-11-05,12:57:56,-08:00,2025-11-05T12:57:56-08:00,1,17
projects/project.js,179,js,837ba6e1,BaixiGuo,2025-11-05,12:57:56,-08:00,2025-11-05T12:57:56-08:00,2,21
projects/project.js,180,js,6f90ea5e,BaixiGuo,2025-11-06,12:25:46,-08:00,2025-11-06T12:25:46-08:00,2,74
projects/project.js,181,js,6f90ea5e,BaixiGuo,2025-11-06,12:25:46,-08:00,2025-11-06T12:25:46-08:00,2,74
projects/project.js,182,js,6f90ea5e,BaixiGuo,2025-11-06,12:25:46,-08:00,2025-11-06T12:25:46-08:00,2,28
projects/project.js,183,js,6f90ea5e,BaixiGuo,2025-11-06,12:25:46,-08:00,2025-11-06T12:25:46-08:00,2,25
projects/project.js,184,js,6f90ea5e,BaixiGuo,2025-11-06,12:25:46,-08:00,2025-11-06T12:25:46-08:00,2,26
projects/project.js,185,js,837ba6e1,BaixiGuo,2025-11-05,12:57:56,-08:00,2025-11-05T12:57:56-08:00,2,12
projects/project.js,186,js,6f90ea5e,BaixiGuo,2025-11-06,12:25:46,-08:00,2025-11-06T12:25:46-08:00,0,0
projects/project.js,187,js,6f90ea5e,BaixiGuo,2025-11-06,12:25:46,-08:00,2025-11-06T12:25:46-08:00,1,26
projects/project.js,188,js,6f90ea5e,BaixiGuo,2025-11-06,12:25:46,-08:00,2025-11-06T12:25:46-08:00,1,29
projects/project.js,189,js,6f90ea5e,BaixiGuo,2025-11-06,12:25:46,-08:00,2025-11-06T12:25:46-08:00,2,50
projects/project.js,190,js,6f90ea5e,BaixiGuo,2025-11-06,12:25:46,-08:00,2025-11-06T12:25:46-08:00,2,50
projects/project.js,191,js,6f90ea5e,BaixiGuo,2025-11-06,12:25:46,-08:00,2025-11-06T12:25:46-08:00,2,44
projects/project.js,192,js,6f90ea5e,BaixiGuo,2025-11-06,12:25:46,-08:00,2025-11-06T12:25:46-08:00,1,17
projects/project.js,193,js,6f90ea5e,BaixiGuo,2025-11-06,12:25:46,-08:00,2025-11-06T12:25:46-08:00,2,12
projects/project.js,194,js,6f90ea5e,BaixiGuo,2025-11-06,12:25:46,-08:00,2025-11-06T12:25:46-08:00,2,12
projects/project.js,195,js,6f90ea5e,BaixiGuo,2025-11-06,12:25:46,-08:00,2025-11-06T12:25:46-08:00,2,68
projects/project.js,196,js,6f90ea5e,BaixiGuo,2025-11-06,12:25:46,-08:00,2025-11-06T12:25:46-08:00,2,68
projects/project.js,197,js,6f90ea5e,BaixiGuo,2025-11-06,12:25:46,-08:00,2025-11-06T12:25:46-08:00,2,22
projects/project.js,198,js,6f90ea5e,BaixiGuo,2025-11-06,12:25:46,-08:00,2025-11-06T12:25:46-08:00,0,0
projects/project.js,199,js,6f90ea5e,BaixiGuo,2025-11-06,12:25:46,-08:00,2025-11-06T12:25:46-08:00,1,27
projects/project.js,200,js,6f90ea5e,BaixiGuo,2025-11-06,12:25:46,-08:00,2025-11-06T12:25:46-08:00,1,24
projects/project.js,201,js,6f90ea5e,BaixiGuo,2025-11-06,12:25:46,-08:00,2025-11-06T12:25:46-08:00,2,34
projects/project.js,202,js,6f90ea5e,BaixiGuo,2025-11-06,12:25:46,-08:00,2025-11-06T12:25:46-08:00,2,24
projects/project.js,203,js,6f90ea5e,BaixiGuo,2025-11-06,12:25:46,-08:00,2025-11-06T12:25:46-08:00,2,14
projects/project.js,204,js,6f90ea5e,BaixiGuo,2025-11-06,12:25:46,-08:00,2025-11-06T12:25:46-08:00,2,29
projects/project.js,205,js,6f90ea5e,BaixiGuo,2025-11-06,12:25:46,-08:00,2025-11-06T12:25:46-08:00,2,46
projects/project.js,206,js,6f90ea5e,BaixiGuo,2025-11-06,12:25:46,-08:00,2025-11-06T12:25:46-08:00,2,38
projects/project.js,207,js,6f90ea5e,BaixiGuo,2025-11-06,12:25:46,-08:00,2025-11-06T12:25:46-08:00,1,24
projects/project.js,208,js,6f90ea5e,BaixiGuo,2025-11-06,12:25:46,-08:00,2025-11-06T12:25:46-08:00,2,28
projects/project.js,209,js,6f90ea5e,BaixiGuo,2025-11-06,12:25:46,-08:00,2025-11-06T12:25:46-08:00,2,11
projects/project.js,210,js,6f90ea5e,BaixiGuo,2025-11-06,12:25:46,-08:00,2025-11-06T12:25:46-08:00,2,21
projects/project.js,211,js,6f90ea5e,BaixiGuo,2025-11-06,12:25:46,-08:00,2025-11-06T12:25:46-08:00,2,11
projects/project.js,212,js,6f90ea5e,BaixiGuo,2025-11-06,12:25:46,-08:00,2025-11-06T12:25:46-08:00,2,29
projects/project.js,213,js,6f90ea5e,BaixiGuo,2025-11-06,12:25:46,-08:00,2025-11-06T12:25:46-08:00,2,19
projects/project.js,214,js,6f90ea5e,BaixiGuo,2025-11-06,12:25:46,-08:00,2025-11-06T12:25:46-08:00,2,34
projects/project.js,215,js,837ba6e1,BaixiGuo,2025-11-05,12:57:56,-08:00,2025-11-05T12:57:56-08:00,0,0
projects/project.js,216,js,837ba6e1,BaixiGuo,2025-11-05,12:57:56,-08:00,2025-11-05T12:57:56-08:00,0,0
projects/project.js,217,js,1dd9d240,BaixiGuo,2025-11-07,00:52:00,-08:00,2025-11-07T00:52:00-08:00,0,35
projects/project.js,218,js,1dd9d240,BaixiGuo,2025-11-07,00:52:00,-08:00,2025-11-07T00:52:00-08:00,1,42
projects/project.js,219,js,1dd9d240,BaixiGuo,2025-11-07,00:52:00,-08:00,2025-11-07T00:52:00-08:00,1,32
projects/project.js,220,js,1dd9d240,BaixiGuo,2025-11-07,00:52:00,-08:00,2025-11-07T00:52:00-08:00,0,0
projects/project.js,221,js,1dd9d240,BaixiGuo,2025-11-07,00:52:00,-08:00,2025-11-07T00:52:00-08:00,1,25
projects/project.js,222,js,837ba6e1,BaixiGuo,2025-11-05,12:57:56,-08:00,2025-11-05T12:57:56-08:00,1,34
projects/project.js,223,js,6f90ea5e,BaixiGuo,2025-11-06,12:25:46,-08:00,2025-11-06T12:25:46-08:00,0,0
projects/project.js,224,js,6f90ea5e,BaixiGuo,2025-11-06,12:25:46,-08:00,2025-11-06T12:25:46-08:00,1,33
projects/project.js,225,js,6f90ea5e,BaixiGuo,2025-11-06,12:25:46,-08:00,2025-11-06T12:25:46-08:00,1,42
projects/project.js,226,js,6f90ea5e,BaixiGuo,2025-11-06,12:25:46,-08:00,2025-11-06T12:25:46-08:00,2,20
projects/project.js,227,js,6f90ea5e,BaixiGuo,2025-11-06,12:25:46,-08:00,2025-11-06T12:25:46-08:00,2,21
projects/project.js,228,js,6f90ea5e,BaixiGuo,2025-11-06,12:25:46,-08:00,2025-11-06T12:25:46-08:00,2,26
projects/project.js,229,js,6f90ea5e,BaixiGuo,2025-11-06,12:25:46,-08:00,2025-11-06T12:25:46-08:00,1,32
projects/project.js,230,js,6f90ea5e,BaixiGuo,2025-11-06,12:25:46,-08:00,2025-11-06T12:25:46-08:00,2,26
projects/project.js,231,js,6f90ea5e,BaixiGuo,2025-11-06,12:25:46,-08:00,2025-11-06T12:25:46-08:00,2,22
projects/project.js,232,js,6f90ea5e,BaixiGuo,2025-11-06,12:25:46,-08:00,2025-11-06T12:25:46-08:00,2,31
projects/project.js,233,js,837ba6e1,BaixiGuo,2025-11-05,12:57:56,-08:00,2025-11-05T12:57:56-08:00,0,0
projects/project.js,234,js,1dd9d240,BaixiGuo,2025-11-07,00:52:00,-08:00,2025-11-07T00:52:00-08:00,1,24
projects/project.js,235,js,6f90ea5e,BaixiGuo,2025-11-06,12:25:46,-08:00,2025-11-06T12:25:46-08:00,2,26
projects/project.js,236,js,6f90ea5e,BaixiGuo,2025-11-06,12:25:46,-08:00,2025-11-06T12:25:46-08:00,2,54
projects/project.js,237,js,6f90ea5e,BaixiGuo,2025-11-06,12:25:46,-08:00,2025-11-06T12:25:46-08:00,2,52
projects/project.js,238,js,6f90ea5e,BaixiGuo,2025-11-06,12:25:46,-08:00,2025-11-06T12:25:46-08:00,0,0
projects/project.js,239,js,6f90ea5e,BaixiGuo,2025-11-06,12:25:46,-08:00,2025-11-06T12:25:46-08:00,2,23
projects/project.js,240,js,6f90ea5e,BaixiGuo,2025-11-06,12:25:46,-08:00,2025-11-06T12:25:46-08:00,2,18
projects/project.js,241,js,6f90ea5e,BaixiGuo,2025-11-06,12:25:46,-08:00,2025-11-06T12:25:46-08:00,3,30
projects/project.js,242,js,6f90ea5e,BaixiGuo,2025-11-06,12:25:46,-08:00,2025-11-06T12:25:46-08:00,3,18
projects/project.js,243,js,6f90ea5e,BaixiGuo,2025-11-06,12:25:46,-08:00,2025-11-06T12:25:46-08:00,3,32
projects/project.js,244,js,6f90ea5e,BaixiGuo,2025-11-06,12:25:46,-08:00,2025-11-06T12:25:46-08:00,3,18
projects/project.js,245,js,6f90ea5e,BaixiGuo,2025-11-06,12:25:46,-08:00,2025-11-06T12:25:46-08:00,3,37
projects/project.js,246,js,1dd9d240,BaixiGuo,2025-11-07,00:52:00,-08:00,2025-11-07T00:52:00-08:00,3,49
projects/project.js,247,js,1dd9d240,BaixiGuo,2025-11-07,00:52:00,-08:00,2025-11-07T00:52:00-08:00,3,50
projects/project.js,248,js,837ba6e1,BaixiGuo,2025-11-05,12:57:56,-08:00,2025-11-05T12:57:56-08:00,2,14
projects/project.js,249,js,1dd9d240,BaixiGuo,2025-11-07,00:52:00,-08:00,2025-11-07T00:52:00-08:00,3,30
projects/project.js,250,js,1dd9d240,BaixiGuo,2025-11-07,00:52:00,-08:00,2025-11-07T00:52:00-08:00,3,38
projects/project.js,251,js,6f90ea5e,BaixiGuo,2025-11-06,12:25:46,-08:00,2025-11-06T12:25:46-08:00,3,24
projects/project.js,252,js,1dd9d240,BaixiGuo,2025-11-07,00:52:00,-08:00,2025-11-07T00:52:00-08:00,3,40
projects/project.js,253,js,6f90ea5e,BaixiGuo,2025-11-06,12:25:46,-08:00,2025-11-06T12:25:46-08:00,3,24
projects/project.js,254,js,1dd9d240,BaixiGuo,2025-11-07,00:52:00,-08:00,2025-11-07T00:52:00-08:00,3,25
projects/project.js,255,js,1dd9d240,BaixiGuo,2025-11-07,00:52:00,-08:00,2025-11-07T00:52:00-08:00,3,50
projects/project.js,256,js,1dd9d240,BaixiGuo,2025-11-07,00:52:00,-08:00,2025-11-07T00:52:00-08:00,3,30
projects/project.js,257,js,837ba6e1,BaixiGuo,2025-11-05,12:57:56,-08:00,2025-11-05T12:57:56-08:00,0,0
projects/project.js,258,js,6f90ea5e,BaixiGuo,2025-11-06,12:25:46,-08:00,2025-11-06T12:25:46-08:00,2,24
projects/project.js,259,js,6f90ea5e,BaixiGuo,2025-11-06,12:25:46,-08:00,2025-11-06T12:25:46-08:00,2,21
projects/project.js,260,js,6f90ea5e,BaixiGuo,2025-11-06,12:25:46,-08:00,2025-11-06T12:25:46-08:00,3,11
projects/project.js,261,js,6f90ea5e,BaixiGuo,2025-11-06,12:25:46,-08:00,2025-11-06T12:25:46-08:00,3,10
projects/project.js,262,js,6f90ea5e,BaixiGuo,2025-11-06,12:25:46,-08:00,2025-11-06T12:25:46-08:00,3,30
projects/project.js,263,js,6f90ea5e,BaixiGuo,2025-11-06,12:25:46,-08:00,2025-11-06T12:25:46-08:00,3,57
projects/project.js,264,js,1dd9d240,BaixiGuo,2025-11-07,00:52:00,-08:00,2025-11-07T00:52:00-08:00,2,22
projects/project.js,265,js,837ba6e1,BaixiGuo,2025-11-05,12:57:56,-08:00,2025-11-05T12:57:56-08:00,3,8
projects/project.js,266,js,837ba6e1,BaixiGuo,2025-11-05,12:57:56,-08:00,2025-11-05T12:57:56-08:00,3,13
projects/project.js,267,js,837ba6e1,BaixiGuo,2025-11-05,12:57:56,-08:00,2025-11-05T12:57:56-08:00,3,19
projects/project.js,268,js,6f90ea5e,BaixiGuo,2025-11-06,12:25:46,-08:00,2025-11-06T12:25:46-08:00,3,11
projects/project.js,269,js,1dd9d240,BaixiGuo,2025-11-07,00:52:00,-08:00,2025-11-07T00:52:00-08:00,3,38
projects/project.js,270,js,837ba6e1,BaixiGuo,2025-11-05,12:57:56,-08:00,2025-11-05T12:57:56-08:00,3,23
projects/project.js,271,js,837ba6e1,BaixiGuo,2025-11-05,12:57:56,-08:00,2025-11-05T12:57:56-08:00,4,42
projects/project.js,272,js,837ba6e1,BaixiGuo,2025-11-05,12:57:56,-08:00,2025-11-05T12:57:56-08:00,4,102
projects/project.js,273,js,837ba6e1,BaixiGuo,2025-11-05,12:57:56,-08:00,2025-11-05T12:57:56-08:00,3,1
projects/project.js,274,js,837ba6e1,BaixiGuo,2025-11-05,12:57:56,-08:00,2025-11-05T12:57:56-08:00,1,1
projects/project.js,275,js,1dd9d240,BaixiGuo,2025-11-07,00:52:00,-08:00,2025-11-07T00:52:00-08:00,0,0
projects/project.js,276,js,837ba6e1,BaixiGuo,2025-11-05,12:57:56,-08:00,2025-11-05T12:57:56-08:00,0,0
projects/project.js,277,js,1dd9d240,BaixiGuo,2025-11-07,00:52:00,-08:00,2025-11-07T00:52:00-08:00,0,36
projects/project.js,278,js,1dd9d240,BaixiGuo,2025-11-07,00:52:00,-08:00,2025-11-07T00:52:00-08:00,1,17
projects/project.js,279,js,1dd9d240,BaixiGuo,2025-11-07,00:52:00,-08:00,2025-11-07T00:52:00-08:00,1,36
projects/project.js,280,js,1dd9d240,BaixiGuo,2025-11-07,00:52:00,-08:00,2025-11-07T00:52:00-08:00,1,17
projects/project.js,281,js,1dd9d240,BaixiGuo,2025-11-07,00:52:00,-08:00,2025-11-07T00:52:00-08:00,1,46
projects/project.js,282,js,1dd9d240,BaixiGuo,2025-11-07,00:52:00,-08:00,2025-11-07T00:52:00-08:00,2,36
projects/project.js,283,js,1dd9d240,BaixiGuo,2025-11-07,00:52:00,-08:00,2025-11-07T00:52:00-08:00,2,17
projects/project.js,284,js,c2a3fe56,BaixiGuo,2025-11-07,14:07:43,-08:00,2025-11-07T14:07:43-08:00,2,19
projects/project.js,285,js,837ba6e1,BaixiGuo,2025-11-05,12:57:56,-08:00,2025-11-05T12:57:56-08:00,0,0
projects/project.js,286,js,837ba6e1,BaixiGuo,2025-11-05,12:57:56,-08:00,2025-11-05T12:57:56-08:00,1,24
projects/project.js,287,js,6f90ea5e,BaixiGuo,2025-11-06,12:25:46,-08:00,2025-11-06T12:25:46-08:00,2,31
projects/project.js,288,js,6f90ea5e,BaixiGuo,2025-11-06,12:25:46,-08:00,2025-11-06T12:25:46-08:00,2,21
projects/project.js,289,js,6f90ea5e,BaixiGuo,2025-11-06,12:25:46,-08:00,2025-11-06T12:25:46-08:00,3,45
projects/project.js,290,js,1dd9d240,BaixiGuo,2025-11-07,00:52:00,-08:00,2025-11-07T00:52:00-08:00,2,28
projects/project.js,291,js,1dd9d240,BaixiGuo,2025-11-07,00:52:00,-08:00,2025-11-07T00:52:00-08:00,3,44
projects/project.js,292,js,1dd9d240,BaixiGuo,2025-11-07,00:52:00,-08:00,2025-11-07T00:52:00-08:00,3,43
projects/project.js,293,js,1dd9d240,BaixiGuo,2025-11-07,00:52:00,-08:00,2025-11-07T00:52:00-08:00,3,22
projects/project.js,294,js,1dd9d240,BaixiGuo,2025-11-07,00:52:00,-08:00,2025-11-07T00:52:00-08:00,4,26
projects/project.js,295,js,1dd9d240,BaixiGuo,2025-11-07,00:52:00,-08:00,2025-11-07T00:52:00-08:00,4,22
projects/project.js,296,js,1dd9d240,BaixiGuo,2025-11-07,00:52:00,-08:00,2025-11-07T00:52:00-08:00,5,25
projects/project.js,297,js,1dd9d240,BaixiGuo,2025-11-07,00:52:00,-08:00,2025-11-07T00:52:00-08:00,5,25
projects/project.js,298,js,1dd9d240,BaixiGuo,2025-11-07,00:52:00,-08:00,2025-11-07T00:52:00-08:00,4,29
projects/project.js,299,js,1dd9d240,BaixiGuo,2025-11-07,00:52:00,-08:00,2025-11-07T00:52:00-08:00,5,23
projects/project.js,300,js,1dd9d240,BaixiGuo,2025-11-07,00:52:00,-08:00,2025-11-07T00:52:00-08:00,3,0
projects/project.js,301,js,1dd9d240,BaixiGuo,2025-11-07,00:52:00,-08:00,2025-11-07T00:52:00-08:00,3,30
projects/project.js,302,js,6f90ea5e,BaixiGuo,2025-11-06,12:25:46,-08:00,2025-11-06T12:25:46-08:00,0,0
projects/project.js,303,js,6f90ea5e,BaixiGuo,2025-11-06,12:25:46,-08:00,2025-11-06T12:25:46-08:00,2,29
projects/project.js,304,js,6f90ea5e,BaixiGuo,2025-11-06,12:25:46,-08:00,2025-11-06T12:25:46-08:00,2,28
projects/project.js,305,js,1dd9d240,BaixiGuo,2025-11-07,00:52:00,-08:00,2025-11-07T00:52:00-08:00,3,11
projects/project.js,306,js,1dd9d240,BaixiGuo,2025-11-07,00:52:00,-08:00,2025-11-07T00:52:00-08:00,3,12
projects/project.js,307,js,6f90ea5e,BaixiGuo,2025-11-06,12:25:46,-08:00,2025-11-06T12:25:46-08:00,3,30
projects/project.js,308,js,837ba6e1,BaixiGuo,2025-11-05,12:57:56,-08:00,2025-11-05T12:57:56-08:00,2,16
projects/project.js,309,js,1dd9d240,BaixiGuo,2025-11-07,00:52:00,-08:00,2025-11-07T00:52:00-08:00,3,16
projects/project.js,310,js,1dd9d240,BaixiGuo,2025-11-07,00:52:00,-08:00,2025-11-07T00:52:00-08:00,3,17
projects/project.js,311,js,837ba6e1,BaixiGuo,2025-11-05,12:57:56,-08:00,2025-11-05T12:57:56-08:00,3,39
projects/project.js,312,js,6f90ea5e,BaixiGuo,2025-11-06,12:25:46,-08:00,2025-11-06T12:25:46-08:00,0,0
projects/project.js,313,js,6f90ea5e,BaixiGuo,2025-11-06,12:25:46,-08:00,2025-11-06T12:25:46-08:00,2,21
projects/project.js,314,js,6f90ea5e,BaixiGuo,2025-11-06,12:25:46,-08:00,2025-11-06T12:25:46-08:00,2,17
projects/project.js,315,js,1dd9d240,BaixiGuo,2025-11-07,00:52:00,-08:00,2025-11-07T00:52:00-08:00,3,16
projects/project.js,316,js,1dd9d240,BaixiGuo,2025-11-07,00:52:00,-08:00,2025-11-07T00:52:00-08:00,3,16
projects/project.js,317,js,6f90ea5e,BaixiGuo,2025-11-06,12:25:46,-08:00,2025-11-06T12:25:46-08:00,3,16
projects/project.js,318,js,6f90ea5e,BaixiGuo,2025-11-06,12:25:46,-08:00,2025-11-06T12:25:46-08:00,3,25
projects/project.js,319,js,837ba6e1,BaixiGuo,2025-11-05,12:57:56,-08:00,2025-11-05T12:57:56-08:00,2,16
projects/project.js,320,js,1dd9d240,BaixiGuo,2025-11-07,00:52:00,-08:00,2025-11-07T00:52:00-08:00,3,12
projects/project.js,321,js,6f90ea5e,BaixiGuo,2025-11-06,12:25:46,-08:00,2025-11-06T12:25:46-08:00,3,12
projects/project.js,322,js,1dd9d240,BaixiGuo,2025-11-07,00:52:00,-08:00,2025-11-07T00:52:00-08:00,3,25
projects/project.js,323,js,6f90ea5e,BaixiGuo,2025-11-06,12:25:46,-08:00,2025-11-06T12:25:46-08:00,3,26
projects/project.js,324,js,6f90ea5e,BaixiGuo,2025-11-06,12:25:46,-08:00,2025-11-06T12:25:46-08:00,3,29
projects/project.js,325,js,837ba6e1,BaixiGuo,2025-11-05,12:57:56,-08:00,2025-11-05T12:57:56-08:00,1,1
projects/project.js,326,js,837ba6e1,BaixiGuo,2025-11-05,12:57:56,-08:00,2025-11-05T12:57:56-08:00,0,0
projects/project.js,327,js,837ba6e1,BaixiGuo,2025-11-05,12:57:56,-08:00,2025-11-05T12:57:56-08:00,0,0
projects/project.js,328,js,1dd9d240,BaixiGuo,2025-11-07,00:52:00,-08:00,2025-11-07T00:52:00-08:00,0,55
projects/project.js,329,js,1dd9d240,BaixiGuo,2025-11-07,00:52:00,-08:00,2025-11-07T00:52:00-08:00,1,44
projects/project.js,330,js,1dd9d240,BaixiGuo,2025-11-07,00:52:00,-08:00,2025-11-07T00:52:00-08:00,1,36
projects/project.js,331,js,1dd9d240,BaixiGuo,2025-11-07,00:52:00,-08:00,2025-11-07T00:52:00-08:00,0,0
projects/project.js,332,js,1dd9d240,BaixiGuo,2025-11-07,00:52:00,-08:00,2025-11-07T00:52:00-08:00,1,8
projects/project.js,333,js,1dd9d240,BaixiGuo,2025-11-07,00:52:00,-08:00,2025-11-07T00:52:00-08:00,1,23
projects/project.js,334,js,1dd9d240,BaixiGuo,2025-11-07,00:52:00,-08:00,2025-11-07T00:52:00-08:00,2,25
projects/project.js,335,js,1dd9d240,BaixiGuo,2025-11-07,00:52:00,-08:00,2025-11-07T00:52:00-08:00,2,25
projects/project.js,336,js,1dd9d240,BaixiGuo,2025-11-07,00:52:00,-08:00,2025-11-07T00:52:00-08:00,1,27
projects/project.js,337,js,1dd9d240,BaixiGuo,2025-11-07,00:52:00,-08:00,2025-11-07T00:52:00-08:00,1,41
projects/project.js,338,js,1dd9d240,BaixiGuo,2025-11-07,00:52:00,-08:00,2025-11-07T00:52:00-08:00,2,23
projects/project.js,339,js,1dd9d240,BaixiGuo,2025-11-07,00:52:00,-08:00,2025-11-07T00:52:00-08:00,0,0
projects/project.js,340,js,1dd9d240,BaixiGuo,2025-11-07,00:52:00,-08:00,2025-11-07T00:52:00-08:00,1,21
projects/project.js,341,js,1dd9d240,BaixiGuo,2025-11-07,00:52:00,-08:00,2025-11-07T00:52:00-08:00,1,28
projects/project.js,342,js,1dd9d240,BaixiGuo,2025-11-07,00:52:00,-08:00,2025-11-07T00:52:00-08:00,2,29
projects/project.js,343,js,1dd9d240,BaixiGuo,2025-11-07,00:52:00,-08:00,2025-11-07T00:52:00-08:00,2,21
projects/project.js,344,js,1dd9d240,BaixiGuo,2025-11-07,00:52:00,-08:00,2025-11-07T00:52:00-08:00,1,32
projects/project.js,345,js,1dd9d240,BaixiGuo,2025-11-07,00:52:00,-08:00,2025-11-07T00:52:00-08:00,1,28
projects/project.js,346,js,1dd9d240,BaixiGuo,2025-11-07,00:52:00,-08:00,2025-11-07T00:52:00-08:00,2,42
projects/project.js,347,js,1dd9d240,BaixiGuo,2025-11-07,00:52:00,-08:00,2025-11-07T00:52:00-08:00,2,18
projects/project.js,348,js,1dd9d240,BaixiGuo,2025-11-07,00:52:00,-08:00,2025-11-07T00:52:00-08:00,2,27
projects/project.js,349,js,1dd9d240,BaixiGuo,2025-11-07,00:52:00,-08:00,2025-11-07T00:52:00-08:00,0,0
projects/project.js,350,js,1dd9d240,BaixiGuo,2025-11-07,00:52:00,-08:00,2025-11-07T00:52:00-08:00,1,18
projects/project.js,351,js,1dd9d240,BaixiGuo,2025-11-07,00:52:00,-08:00,2025-11-07T00:52:00-08:00,1,71
projects/project.js,352,js,1dd9d240,BaixiGuo,2025-11-07,00:52:00,-08:00,2025-11-07T00:52:00-08:00,0,0
projects/project.js,353,js,1dd9d240,BaixiGuo,2025-11-07,00:52:00,-08:00,2025-11-07T00:52:00-08:00,0,0
projects/project.js,354,js,1dd9d240,BaixiGuo,2025-11-07,00:52:00,-08:00,2025-11-07T00:52:00-08:00,0,42
projects/project.js,355,js,1dd9d240,BaixiGuo,2025-11-07,00:52:00,-08:00,2025-11-07T00:52:00-08:00,1,37
projects/project.js,356,js,1dd9d240,BaixiGuo,2025-11-07,00:52:00,-08:00,2025-11-07T00:52:00-08:00,0,0
projects/project.js,357,js,1dd9d240,BaixiGuo,2025-11-07,00:52:00,-08:00,2025-11-07T00:52:00-08:00,1,38
projects/project.js,358,js,1dd9d240,BaixiGuo,2025-11-07,00:52:00,-08:00,2025-11-07T00:52:00-08:00,1,77
projects/project.js,359,js,1dd9d240,BaixiGuo,2025-11-07,00:52:00,-08:00,2025-11-07T00:52:00-08:00,1,8
projects/project.js,360,js,1dd9d240,BaixiGuo,2025-11-07,00:52:00,-08:00,2025-11-07T00:52:00-08:00,1,12
projects/project.js,361,js,1dd9d240,BaixiGuo,2025-11-07,00:52:00,-08:00,2025-11-07T00:52:00-08:00,1,17
projects/project.js,362,js,1dd9d240,BaixiGuo,2025-11-07,00:52:00,-08:00,2025-11-07T00:52:00-08:00,1,18
projects/project.js,363,js,1dd9d240,BaixiGuo,2025-11-07,00:52:00,-08:00,2025-11-07T00:52:00-08:00,1,18
projects/project.js,364,js,1dd9d240,BaixiGuo,2025-11-07,00:52:00,-08:00,2025-11-07T00:52:00-08:00,1,4
projects/project.js,365,js,1dd9d240,BaixiGuo,2025-11-07,00:52:00,-08:00,2025-11-07T00:52:00-08:00,1,10
projects/project.js,366,js,1dd9d240,BaixiGuo,2025-11-07,00:52:00,-08:00,2025-11-07T00:52:00-08:00,2,53
projects/project.js,367,js,1dd9d240,BaixiGuo,2025-11-07,00:52:00,-08:00,2025-11-07T00:52:00-08:00,3,77
projects/project.js,368,js,1dd9d240,BaixiGuo,2025-11-07,00:52:00,-08:00,2025-11-07T00:52:00-08:00,4,10
projects/project.js,369,js,1dd9d240,BaixiGuo,2025-11-07,00:52:00,-08:00,2025-11-07T00:52:00-08:00,4,106
projects/project.js,370,js,1dd9d240,BaixiGuo,2025-11-07,00:52:00,-08:00,2025-11-07T00:52:00-08:00,3,3
projects/project.js,371,js,1dd9d240,BaixiGuo,2025-11-07,00:52:00,-08:00,2025-11-07T00:52:00-08:00,0,0
projects/project.js,372,js,1dd9d240,BaixiGuo,2025-11-07,00:52:00,-08:00,2025-11-07T00:52:00-08:00,3,55
projects/project.js,373,js,1dd9d240,BaixiGuo,2025-11-07,00:52:00,-08:00,2025-11-07T00:52:00-08:00,4,15
projects/project.js,374,js,1dd9d240,BaixiGuo,2025-11-07,00:52:00,-08:00,2025-11-07T00:52:00-08:00,5,2
projects/project.js,375,js,1dd9d240,BaixiGuo,2025-11-07,00:52:00,-08:00,2025-11-07T00:52:00-08:00,6,48
projects/project.js,376,js,1dd9d240,BaixiGuo,2025-11-07,00:52:00,-08:00,2025-11-07T00:52:00-08:00,6,77
projects/project.js,377,js,1dd9d240,BaixiGuo,2025-11-07,00:52:00,-08:00,2025-11-07T00:52:00-08:00,5,15
projects/project.js,378,js,1dd9d240,BaixiGuo,2025-11-07,00:52:00,-08:00,2025-11-07T00:52:00-08:00,3,6
projects/project.js,379,js,1dd9d240,BaixiGuo,2025-11-07,00:52:00,-08:00,2025-11-07T00:52:00-08:00,0,0
projects/project.js,380,js,1dd9d240,BaixiGuo,2025-11-07,00:52:00,-08:00,2025-11-07T00:52:00-08:00,3,28
projects/project.js,381,js,1dd9d240,BaixiGuo,2025-11-07,00:52:00,-08:00,2025-11-07T00:52:00-08:00,3,31
projects/project.js,382,js,1dd9d240,BaixiGuo,2025-11-07,00:52:00,-08:00,2025-11-07T00:52:00-08:00,0,0
projects/project.js,383,js,1dd9d240,BaixiGuo,2025-11-07,00:52:00,-08:00,2025-11-07T00:52:00-08:00,3,55
projects/project.js,384,js,1dd9d240,BaixiGuo,2025-11-07,00:52:00,-08:00,2025-11-07T00:52:00-08:00,5,2
projects/project.js,385,js,1dd9d240,BaixiGuo,2025-11-07,00:52:00,-08:00,2025-11-07T00:52:00-08:00,6,87
projects/project.js,386,js,2fab26d2,BaixiGuo,2025-11-07,02:33:56,-08:00,2025-11-07T02:33:56-08:00,6,136
projects/project.js,387,js,2fab26d2,BaixiGuo,2025-11-07,02:33:56,-08:00,2025-11-07T02:33:56-08:00,0,11
projects/project.js,388,js,1dd9d240,BaixiGuo,2025-11-07,00:52:00,-08:00,2025-11-07T00:52:00-08:00,5,3
projects/project.js,389,js,1dd9d240,BaixiGuo,2025-11-07,00:52:00,-08:00,2025-11-07T00:52:00-08:00,5,2
projects/project.js,390,js,1dd9d240,BaixiGuo,2025-11-07,00:52:00,-08:00,2025-11-07T00:52:00-08:00,6,56
projects/project.js,391,js,1dd9d240,BaixiGuo,2025-11-07,00:52:00,-08:00,2025-11-07T00:52:00-08:00,6,87
projects/project.js,392,js,1dd9d240,BaixiGuo,2025-11-07,00:52:00,-08:00,2025-11-07T00:52:00-08:00,5,3
projects/project.js,393,js,1dd9d240,BaixiGuo,2025-11-07,00:52:00,-08:00,2025-11-07T00:52:00-08:00,3,6
projects/project.js,394,js,1dd9d240,BaixiGuo,2025-11-07,00:52:00,-08:00,2025-11-07T00:52:00-08:00,2,4
projects/project.js,395,js,1dd9d240,BaixiGuo,2025-11-07,00:52:00,-08:00,2025-11-07T00:52:00-08:00,1,1
projects/project.js,396,js,1dd9d240,BaixiGuo,2025-11-07,00:52:00,-08:00,2025-11-07T00:52:00-08:00,0,0
projects/project.js,397,js,1dd9d240,BaixiGuo,2025-11-07,00:52:00,-08:00,2025-11-07T00:52:00-08:00,0,0
projects/project.js,398,js,1dd9d240,BaixiGuo,2025-11-07,00:52:00,-08:00,2025-11-07T00:52:00-08:00,0,25
projects/project.js,399,js,1dd9d240,BaixiGuo,2025-11-07,00:52:00,-08:00,2025-11-07T00:52:00-08:00,0,0
projects/project.js,400,js,1dd9d240,BaixiGuo,2025-11-07,00:52:00,-08:00,2025-11-07T00:52:00-08:00,1,49
projects/project.js,401,js,1dd9d240,BaixiGuo,2025-11-07,00:52:00,-08:00,2025-11-07T00:52:00-08:00,1,28
projects/project.js,402,js,1dd9d240,BaixiGuo,2025-11-07,00:52:00,-08:00,2025-11-07T00:52:00-08:00,2,30
projects/project.js,403,js,1dd9d240,BaixiGuo,2025-11-07,00:52:00,-08:00,2025-11-07T00:52:00-08:00,2,18
projects/project.js,404,js,1dd9d240,BaixiGuo,2025-11-07,00:52:00,-08:00,2025-11-07T00:52:00-08:00,2,26
projects/project.js,405,js,1dd9d240,BaixiGuo,2025-11-07,00:52:00,-08:00,2025-11-07T00:52:00-08:00,0,0
projects/project.js,406,js,1dd9d240,BaixiGuo,2025-11-07,00:52:00,-08:00,2025-11-07T00:52:00-08:00,1,14
projects/project.js,407,js,1dd9d240,BaixiGuo,2025-11-07,00:52:00,-08:00,2025-11-07T00:52:00-08:00,1,33
projects/project.js,408,js,1dd9d240,BaixiGuo,2025-11-07,00:52:00,-08:00,2025-11-07T00:52:00-08:00,0,0
projects/project.js,409,js,1dd9d240,BaixiGuo,2025-11-07,00:52:00,-08:00,2025-11-07T00:52:00-08:00,0,0
projects/project.js,410,js,6f90ea5e,BaixiGuo,2025-11-06,12:25:46,-08:00,2025-11-06T12:25:46-08:00,0,44
projects/project.js,411,js,1dd9d240,BaixiGuo,2025-11-07,00:52:00,-08:00,2025-11-07T00:52:00-08:00,1,31
projects/project.js,412,js,1dd9d240,BaixiGuo,2025-11-07,00:52:00,-08:00,2025-11-07T00:52:00-08:00,0,0
projects/project.js,413,js,6f90ea5e,BaixiGuo,2025-11-06,12:25:46,-08:00,2025-11-06T12:25:46-08:00,1,47
projects/project.js,414,js,6f90ea5e,BaixiGuo,2025-11-06,12:25:46,-08:00,2025-11-06T12:25:46-08:00,0,0
projects/project.js,415,js,6f90ea5e,BaixiGuo,2025-11-06,12:25:46,-08:00,2025-11-06T12:25:46-08:00,1,25
projects/project.js,416,js,837ba6e1,BaixiGuo,2025-11-05,12:57:56,-08:00,2025-11-05T12:57:56-08:00,1,27
projects/project.js,417,js,6f90ea5e,BaixiGuo,2025-11-06,12:25:46,-08:00,2025-11-06T12:25:46-08:00,2,21
projects/project.js,418,js,6f90ea5e,BaixiGuo,2025-11-06,12:25:46,-08:00,2025-11-06T12:25:46-08:00,2,24
projects/project.js,419,js,6f90ea5e,BaixiGuo,2025-11-06,12:25:46,-08:00,2025-11-06T12:25:46-08:00,3,27
projects/project.js,420,js,6f90ea5e,BaixiGuo,2025-11-06,12:25:46,-08:00,2025-11-06T12:25:46-08:00,3,22
projects/project.js,421,js,6f90ea5e,BaixiGuo,2025-11-06,12:25:46,-08:00,2025-11-06T12:25:46-08:00,3,26
projects/project.js,422,js,6f90ea5e,BaixiGuo,2025-11-06,12:25:46,-08:00,2025-11-06T12:25:46-08:00,4,33
projects/project.js,423,js,6f90ea5e,BaixiGuo,2025-11-06,12:25:46,-08:00,2025-11-06T12:25:46-08:00,4,43
projects/project.js,424,js,6f90ea5e,BaixiGuo,2025-11-06,12:25:46,-08:00,2025-11-06T12:25:46-08:00,3,25
projects/project.js,425,js,6f90ea5e,BaixiGuo,2025-11-06,12:25:46,-08:00,2025-11-06T12:25:46-08:00,4,22
projects/project.js,426,js,6f90ea5e,BaixiGuo,2025-11-06,12:25:46,-08:00,2025-11-06T12:25:46-08:00,4,47
projects/project.js,427,js,6f90ea5e,BaixiGuo,2025-11-06,12:25:46,-08:00,2025-11-06T12:25:46-08:00,4,50
projects/project.js,428,js,6f90ea5e,BaixiGuo,2025-11-06,12:25:46,-08:00,2025-11-06T12:25:46-08:00,4,16
projects/project.js,429,js,6f90ea5e,BaixiGuo,2025-11-06,12:25:46,-08:00,2025-11-06T12:25:46-08:00,4,39
projects/project.js,430,js,6f90ea5e,BaixiGuo,2025-11-06,12:25:46,-08:00,2025-11-06T12:25:46-08:00,3,1
projects/project.js,431,js,837ba6e1,BaixiGuo,2025-11-05,12:57:56,-08:00,2025-11-05T12:57:56-08:00,1,0
projects/project.js,432,js,837ba6e1,BaixiGuo,2025-11-05,12:57:56,-08:00,2025-11-05T12:57:56-08:00,0,0
projects/project.js,433,js,6f90ea5e,BaixiGuo,2025-11-06,12:25:46,-08:00,2025-11-06T12:25:46-08:00,1,31
projects/project.js,434,js,6f90ea5e,BaixiGuo,2025-11-06,12:25:46,-08:00,2025-11-06T12:25:46-08:00,1,26
projects/project.js,435,js,6f90ea5e,BaixiGuo,2025-11-06,12:25:46,-08:00,2025-11-06T12:25:46-08:00,2,29
projects/project.js,436,js,6f90ea5e,BaixiGuo,2025-11-06,12:25:46,-08:00,2025-11-06T12:25:46-08:00,2,62
projects/project.js,437,js,6f90ea5e,BaixiGuo,2025-11-06,12:25:46,-08:00,2025-11-06T12:25:46-08:00,3,17
projects/project.js,438,js,6f90ea5e,BaixiGuo,2025-11-06,12:25:46,-08:00,2025-11-06T12:25:46-08:00,3,29
projects/project.js,439,js,6f90ea5e,BaixiGuo,2025-11-06,12:25:46,-08:00,2025-11-06T12:25:46-08:00,3,72
projects/project.js,440,js,6f90ea5e,BaixiGuo,2025-11-06,12:25:46,-08:00,2025-11-06T12:25:46-08:00,3,46
projects/project.js,441,js,6f90ea5e,BaixiGuo,2025-11-06,12:25:46,-08:00,2025-11-06T12:25:46-08:00,3,0
projects/project.js,442,js,6f90ea5e,BaixiGuo,2025-11-06,12:25:46,-08:00,2025-11-06T12:25:46-08:00,3,18
projects/project.js,443,js,6f90ea5e,BaixiGuo,2025-11-06,12:25:46,-08:00,2025-11-06T12:25:46-08:00,3,34
projects/project.js,444,js,6f90ea5e,BaixiGuo,2025-11-06,12:25:46,-08:00,2025-11-06T12:25:46-08:00,3,0
projects/project.js,445,js,6f90ea5e,BaixiGuo,2025-11-06,12:25:46,-08:00,2025-11-06T12:25:46-08:00,3,16
projects/project.js,446,js,6f90ea5e,BaixiGuo,2025-11-06,12:25:46,-08:00,2025-11-06T12:25:46-08:00,3,66
projects/project.js,447,js,6f90ea5e,BaixiGuo,2025-11-06,12:25:46,-08:00,2025-11-06T12:25:46-08:00,0,0
projects/project.js,448,js,6f90ea5e,BaixiGuo,2025-11-06,12:25:46,-08:00,2025-11-06T12:25:46-08:00,3,49
projects/project.js,449,js,6f90ea5e,BaixiGuo,2025-11-06,12:25:46,-08:00,2025-11-06T12:25:46-08:00,3,20
projects/project.js,450,js,6f90ea5e,BaixiGuo,2025-11-06,12:25:46,-08:00,2025-11-06T12:25:46-08:00,4,66
projects/project.js,451,js,6f90ea5e,BaixiGuo,2025-11-06,12:25:46,-08:00,2025-11-06T12:25:46-08:00,4,73
projects/project.js,452,js,6f90ea5e,BaixiGuo,2025-11-06,12:25:46,-08:00,2025-11-06T12:25:46-08:00,5,21
projects/project.js,453,js,6f90ea5e,BaixiGuo,2025-11-06,12:25:46,-08:00,2025-11-06T12:25:46-08:00,6,23
projects/project.js,454,js,6f90ea5e,BaixiGuo,2025-11-06,12:25:46,-08:00,2025-11-06T12:25:46-08:00,6,15
projects/project.js,455,js,6f90ea5e,BaixiGuo,2025-11-06,12:25:46,-08:00,2025-11-06T12:25:46-08:00,4,0
projects/project.js,456,js,6f90ea5e,BaixiGuo,2025-11-06,12:25:46,-08:00,2025-11-06T12:25:46-08:00,3,1
projects/project.js,457,js,6f90ea5e,BaixiGuo,2025-11-06,12:25:46,-08:00,2025-11-06T12:25:46-08:00,0,0
projects/project.js,458,js,6f90ea5e,BaixiGuo,2025-11-06,12:25:46,-08:00,2025-11-06T12:25:46-08:00,3,24
projects/project.js,459,js,6f90ea5e,BaixiGuo,2025-11-06,12:25:46,-08:00,2025-11-06T12:25:46-08:00,3,22
projects/project.js,460,js,6f90ea5e,BaixiGuo,2025-11-06,12:25:46,-08:00,2025-11-06T12:25:46-08:00,4,47
projects/project.js,461,js,837ba6e1,BaixiGuo,2025-11-05,12:57:56,-08:00,2025-11-05T12:57:56-08:00,3,0
projects/project.js,462,js,837ba6e1,BaixiGuo,2025-11-05,12:57:56,-08:00,2025-11-05T12:57:56-08:00,2,1
projects/project.js,463,js,837ba6e1,BaixiGuo,2025-11-05,12:57:56,-08:00,2025-11-05T12:57:56-08:00,1,0
projects/project.js,464,js,837ba6e1,BaixiGuo,2025-11-05,12:57:56,-08:00,2025-11-05T12:57:56-08:00,0,0
projects/project.js,465,js,6f90ea5e,BaixiGuo,2025-11-06,12:25:46,-08:00,2025-11-06T12:25:46-08:00,1,35
projects/project.js,466,js,6f90ea5e,BaixiGuo,2025-11-06,12:25:46,-08:00,2025-11-06T12:25:46-08:00,1,16
projects/project.js,467,js,6f90ea5e,BaixiGuo,2025-11-06,12:25:46,-08:00,2025-11-06T12:25:46-08:00,0,0
projects/project.js,468,js,837ba6e1,BaixiGuo,2025-11-05,12:57:56,-08:00,2025-11-05T12:57:56-08:00,0,0
projects/project.js,469,js,2fab26d2,BaixiGuo,2025-11-07,02:33:56,-08:00,2025-11-07T02:33:56-08:00,0,41
projects/project.js,470,js,2fab26d2,BaixiGuo,2025-11-07,02:33:56,-08:00,2025-11-07T02:33:56-08:00,1,25
projects/project.js,471,js,2fab26d2,BaixiGuo,2025-11-07,02:33:56,-08:00,2025-11-07T02:33:56-08:00,1,24
projects/project.js,472,js,2fab26d2,BaixiGuo,2025-11-07,02:33:56,-08:00,2025-11-07T02:33:56-08:00,0,0
projects/project.js,473,js,2fab26d2,BaixiGuo,2025-11-07,02:33:56,-08:00,2025-11-07T02:33:56-08:00,1,47
projects/project.js,474,js,2fab26d2,BaixiGuo,2025-11-07,02:33:56,-08:00,2025-11-07T02:33:56-08:00,0,0
projects/project.js,475,js,2fab26d2,BaixiGuo,2025-11-07,02:33:56,-08:00,2025-11-07T02:33:56-08:00,1,36
projects/project.js,476,js,2fab26d2,BaixiGuo,2025-11-07,02:33:56,-08:00,2025-11-07T02:33:56-08:00,1,27
projects/project.js,477,js,2fab26d2,BaixiGuo,2025-11-07,02:33:56,-08:00,2025-11-07T02:33:56-08:00,2,36
projects/project.js,478,js,2fab26d2,BaixiGuo,2025-11-07,02:33:56,-08:00,2025-11-07T02:33:56-08:00,2,37
projects/project.js,479,js,2fab26d2,BaixiGuo,2025-11-07,02:33:56,-08:00,2025-11-07T02:33:56-08:00,3,34
projects/project.js,480,js,2fab26d2,BaixiGuo,2025-11-07,02:33:56,-08:00,2025-11-07T02:33:56-08:00,3,29
projects/project.js,481,js,2fab26d2,BaixiGuo,2025-11-07,02:33:56,-08:00,2025-11-07T02:33:56-08:00,0,0
projects/project.js,482,js,2fab26d2,BaixiGuo,2025-11-07,02:33:56,-08:00,2025-11-07T02:33:56-08:00,2,12
projects/project.js,483,js,2fab26d2,BaixiGuo,2025-11-07,02:33:56,-08:00,2025-11-07T02:33:56-08:00,2,35
projects/project.js,484,js,2fab26d2,BaixiGuo,2025-11-07,02:33:56,-08:00,2025-11-07T02:33:56-08:00,3,19
projects/project.js,485,js,2fab26d2,BaixiGuo,2025-11-07,02:33:56,-08:00,2025-11-07T02:33:56-08:00,3,26
projects/project.js,486,js,2fab26d2,BaixiGuo,2025-11-07,02:33:56,-08:00,2025-11-07T02:33:56-08:00,3,28
projects/project.js,487,js,2fab26d2,BaixiGuo,2025-11-07,02:33:56,-08:00,2025-11-07T02:33:56-08:00,3,40
projects/project.js,488,js,2fab26d2,BaixiGuo,2025-11-07,02:33:56,-08:00,2025-11-07T02:33:56-08:00,3,22
projects/project.js,489,js,2fab26d2,BaixiGuo,2025-11-07,02:33:56,-08:00,2025-11-07T02:33:56-08:00,3,26
projects/project.js,490,js,2fab26d2,BaixiGuo,2025-11-07,02:33:56,-08:00,2025-11-07T02:33:56-08:00,0,0
projects/project.js,491,js,2fab26d2,BaixiGuo,2025-11-07,02:33:56,-08:00,2025-11-07T02:33:56-08:00,2,26
projects/project.js,492,js,2fab26d2,BaixiGuo,2025-11-07,02:33:56,-08:00,2025-11-07T02:33:56-08:00,2,39
projects/project.js,493,js,2fab26d2,BaixiGuo,2025-11-07,02:33:56,-08:00,2025-11-07T02:33:56-08:00,3,27
projects/project.js,494,js,2fab26d2,BaixiGuo,2025-11-07,02:33:56,-08:00,2025-11-07T02:33:56-08:00,3,28
projects/project.js,495,js,2fab26d2,BaixiGuo,2025-11-07,02:33:56,-08:00,2025-11-07T02:33:56-08:00,3,19
projects/project.js,496,js,2fab26d2,BaixiGuo,2025-11-07,02:33:56,-08:00,2025-11-07T02:33:56-08:00,3,15
projects/project.js,497,js,2fab26d2,BaixiGuo,2025-11-07,02:33:56,-08:00,2025-11-07T02:33:56-08:00,3,16
projects/project.js,498,js,2fab26d2,BaixiGuo,2025-11-07,02:33:56,-08:00,2025-11-07T02:33:56-08:00,3,32
projects/project.js,499,js,2fab26d2,BaixiGuo,2025-11-07,02:33:56,-08:00,2025-11-07T02:33:56-08:00,3,26
projects/project.js,500,js,2fab26d2,BaixiGuo,2025-11-07,02:33:56,-08:00,2025-11-07T02:33:56-08:00,3,27
projects/project.js,501,js,2fab26d2,BaixiGuo,2025-11-07,02:33:56,-08:00,2025-11-07T02:33:56-08:00,3,26
projects/project.js,502,js,2fab26d2,BaixiGuo,2025-11-07,02:33:56,-08:00,2025-11-07T02:33:56-08:00,3,19
projects/project.js,503,js,2fab26d2,BaixiGuo,2025-11-07,02:33:56,-08:00,2025-11-07T02:33:56-08:00,3,24
projects/project.js,504,js,2fab26d2,BaixiGuo,2025-11-07,02:33:56,-08:00,2025-11-07T02:33:56-08:00,0,0
projects/project.js,505,js,2fab26d2,BaixiGuo,2025-11-07,02:33:56,-08:00,2025-11-07T02:33:56-08:00,2,23
projects/project.js,506,js,2fab26d2,BaixiGuo,2025-11-07,02:33:56,-08:00,2025-11-07T02:33:56-08:00,2,33
projects/project.js,507,js,2fab26d2,BaixiGuo,2025-11-07,02:33:56,-08:00,2025-11-07T02:33:56-08:00,3,37
projects/project.js,508,js,2fab26d2,BaixiGuo,2025-11-07,02:33:56,-08:00,2025-11-07T02:33:56-08:00,3,46
projects/project.js,509,js,2fab26d2,BaixiGuo,2025-11-07,02:33:56,-08:00,2025-11-07T02:33:56-08:00,0,0
projects/project.js,510,js,2fab26d2,BaixiGuo,2025-11-07,02:33:56,-08:00,2025-11-07T02:33:56-08:00,3,58
projects/project.js,511,js,2fab26d2,BaixiGuo,2025-11-07,02:33:56,-08:00,2025-11-07T02:33:56-08:00,3,19
projects/project.js,512,js,2fab26d2,BaixiGuo,2025-11-07,02:33:56,-08:00,2025-11-07T02:33:56-08:00,3,54
projects/project.js,513,js,2fab26d2,BaixiGuo,2025-11-07,02:33:56,-08:00,2025-11-07T02:33:56-08:00,3,15
projects/project.js,514,js,2fab26d2,BaixiGuo,2025-11-07,02:33:56,-08:00,2025-11-07T02:33:56-08:00,4,33
projects/project.js,515,js,2fab26d2,BaixiGuo,2025-11-07,02:33:56,-08:00,2025-11-07T02:33:56-08:00,4,33
projects/project.js,516,js,2fab26d2,BaixiGuo,2025-11-07,02:33:56,-08:00,2025-11-07T02:33:56-08:00,4,28
projects/project.js,517,js,2fab26d2,BaixiGuo,2025-11-07,02:33:56,-08:00,2025-11-07T02:33:56-08:00,0,0
projects/project.js,518,js,2fab26d2,BaixiGuo,2025-11-07,02:33:56,-08:00,2025-11-07T02:33:56-08:00,4,60
projects/project.js,519,js,2fab26d2,BaixiGuo,2025-11-07,02:33:56,-08:00,2025-11-07T02:33:56-08:00,4,41
projects/project.js,520,js,2fab26d2,BaixiGuo,2025-11-07,02:33:56,-08:00,2025-11-07T02:33:56-08:00,0,0
projects/project.js,521,js,2fab26d2,BaixiGuo,2025-11-07,02:33:56,-08:00,2025-11-07T02:33:56-08:00,4,44
projects/project.js,522,js,2fab26d2,BaixiGuo,2025-11-07,02:33:56,-08:00,2025-11-07T02:33:56-08:00,0,0
projects/project.js,523,js,2fab26d2,BaixiGuo,2025-11-07,02:33:56,-08:00,2025-11-07T02:33:56-08:00,4,26
projects/project.js,524,js,2fab26d2,BaixiGuo,2025-11-07,02:33:56,-08:00,2025-11-07T02:33:56-08:00,4,32
projects/project.js,525,js,2fab26d2,BaixiGuo,2025-11-07,02:33:56,-08:00,2025-11-07T02:33:56-08:00,3,1
projects/project.js,526,js,2fab26d2,BaixiGuo,2025-11-07,02:33:56,-08:00,2025-11-07T02:33:56-08:00,0,0
projects/project.js,527,js,2fab26d2,BaixiGuo,2025-11-07,02:33:56,-08:00,2025-11-07T02:33:56-08:00,3,21
projects/project.js,528,js,2fab26d2,BaixiGuo,2025-11-07,02:33:56,-08:00,2025-11-07T02:33:56-08:00,3,36
projects/project.js,529,js,2fab26d2,BaixiGuo,2025-11-07,02:33:56,-08:00,2025-11-07T02:33:56-08:00,3,24
projects/project.js,530,js,2fab26d2,BaixiGuo,2025-11-07,02:33:56,-08:00,2025-11-07T02:33:56-08:00,4,36
projects/project.js,531,js,2fab26d2,BaixiGuo,2025-11-07,02:33:56,-08:00,2025-11-07T02:33:56-08:00,4,24
projects/project.js,532,js,2fab26d2,BaixiGuo,2025-11-07,02:33:56,-08:00,2025-11-07T02:33:56-08:00,5,23
projects/project.js,533,js,2fab26d2,BaixiGuo,2025-11-07,02:33:56,-08:00,2025-11-07T02:33:56-08:00,6,14
projects/project.js,534,js,2fab26d2,BaixiGuo,2025-11-07,02:33:56,-08:00,2025-11-07T02:33:56-08:00,6,25
projects/project.js,535,js,2fab26d2,BaixiGuo,2025-11-07,02:33:56,-08:00,2025-11-07T02:33:56-08:00,6,25
projects/project.js,536,js,2fab26d2,BaixiGuo,2025-11-07,02:33:56,-08:00,2025-11-07T02:33:56-08:00,6,18
projects/project.js,537,js,2fab26d2,BaixiGuo,2025-11-07,02:33:56,-08:00,2025-11-07T02:33:56-08:00,7,14
projects/project.js,538,js,2fab26d2,BaixiGuo,2025-11-07,02:33:56,-08:00,2025-11-07T02:33:56-08:00,7,23
projects/project.js,539,js,2fab26d2,BaixiGuo,2025-11-07,02:33:56,-08:00,2025-11-07T02:33:56-08:00,7,33
projects/project.js,540,js,2fab26d2,BaixiGuo,2025-11-07,02:33:56,-08:00,2025-11-07T02:33:56-08:00,7,35
projects/project.js,541,js,2fab26d2,BaixiGuo,2025-11-07,02:33:56,-08:00,2025-11-07T02:33:56-08:00,7,39
projects/project.js,542,js,2fab26d2,BaixiGuo,2025-11-07,02:33:56,-08:00,2025-11-07T02:33:56-08:00,6,1
projects/project.js,543,js,2fab26d2,BaixiGuo,2025-11-07,02:33:56,-08:00,2025-11-07T02:33:56-08:00,4,1
projects/project.js,544,js,2fab26d2,BaixiGuo,2025-11-07,02:33:56,-08:00,2025-11-07T02:33:56-08:00,3,6
projects/project.js,545,js,2fab26d2,BaixiGuo,2025-11-07,02:33:56,-08:00,2025-11-07T02:33:56-08:00,4,35
projects/project.js,546,js,2fab26d2,BaixiGuo,2025-11-07,02:33:56,-08:00,2025-11-07T02:33:56-08:00,3,0
projects/project.js,547,js,2fab26d2,BaixiGuo,2025-11-07,02:33:56,-08:00,2025-11-07T02:33:56-08:00,2,1
projects/project.js,548,js,2fab26d2,BaixiGuo,2025-11-07,02:33:56,-08:00,2025-11-07T02:33:56-08:00,0,0
projects/project.js,549,js,2fab26d2,BaixiGuo,2025-11-07,02:33:56,-08:00,2025-11-07T02:33:56-08:00,2,39
projects/project.js,550,js,2fab26d2,BaixiGuo,2025-11-07,02:33:56,-08:00,2025-11-07T02:33:56-08:00,2,50
projects/project.js,551,js,2fab26d2,BaixiGuo,2025-11-07,02:33:56,-08:00,2025-11-07T02:33:56-08:00,3,43
projects/project.js,552,js,2fab26d2,BaixiGuo,2025-11-07,02:33:56,-08:00,2025-11-07T02:33:56-08:00,4,35
projects/project.js,553,js,2fab26d2,BaixiGuo,2025-11-07,02:33:56,-08:00,2025-11-07T02:33:56-08:00,3,0
projects/project.js,554,js,2fab26d2,BaixiGuo,2025-11-07,02:33:56,-08:00,2025-11-07T02:33:56-08:00,2,1
projects/project.js,555,js,2fab26d2,BaixiGuo,2025-11-07,02:33:56,-08:00,2025-11-07T02:33:56-08:00,1,0
projects/project.js,556,js,2fab26d2,BaixiGuo,2025-11-07,02:33:56,-08:00,2025-11-07T02:33:56-08:00,0,0
projects/project.js,557,js,2fab26d2,BaixiGuo,2025-11-07,02:33:56,-08:00,2025-11-07T02:33:56-08:00,0,0
projects/project.js,558,js,1dd9d240,BaixiGuo,2025-11-07,00:52:00,-08:00,2025-11-07T00:52:00-08:00,0,28
projects/project.js,559,js,1dd9d240,BaixiGuo,2025-11-07,00:52:00,-08:00,2025-11-07T00:52:00-08:00,1,47
projects/project.js,560,js,1dd9d240,BaixiGuo,2025-11-07,00:52:00,-08:00,2025-11-07T00:52:00-08:00,0,0
projects/project.js,561,js,1dd9d240,BaixiGuo,2025-11-07,00:52:00,-08:00,2025-11-07T00:52:00-08:00,1,22
projects/project.js,562,js,1dd9d240,BaixiGuo,2025-11-07,00:52:00,-08:00,2025-11-07T00:52:00-08:00,1,24
projects/project.js,563,js,1dd9d240,BaixiGuo,2025-11-07,00:52:00,-08:00,2025-11-07T00:52:00-08:00,2,22
projects/project.js,564,js,1dd9d240,BaixiGuo,2025-11-07,00:52:00,-08:00,2025-11-07T00:52:00-08:00,2,16
projects/project.js,565,js,1dd9d240,BaixiGuo,2025-11-07,00:52:00,-08:00,2025-11-07T00:52:00-08:00,2,18
projects/project.js,566,js,2fab26d2,BaixiGuo,2025-11-07,02:33:56,-08:00,2025-11-07T02:33:56-08:00,3,50
projects/project.js,567,js,2fab26d2,BaixiGuo,2025-11-07,02:33:56,-08:00,2025-11-07T02:33:56-08:00,3,49
projects/project.js,568,js,1dd9d240,BaixiGuo,2025-11-07,00:52:00,-08:00,2025-11-07T00:52:00-08:00,3,24
projects/project.js,569,js,1dd9d240,BaixiGuo,2025-11-07,00:52:00,-08:00,2025-11-07T00:52:00-08:00,3,35
projects/project.js,570,js,1dd9d240,BaixiGuo,2025-11-07,00:52:00,-08:00,2025-11-07T00:52:00-08:00,3,36
projects/project.js,571,js,1dd9d240,BaixiGuo,2025-11-07,00:52:00,-08:00,2025-11-07T00:52:00-08:00,3,33
projects/project.js,572,js,1dd9d240,BaixiGuo,2025-11-07,00:52:00,-08:00,2025-11-07T00:52:00-08:00,2,1
projects/project.js,573,js,1dd9d240,BaixiGuo,2025-11-07,00:52:00,-08:00,2025-11-07T00:52:00-08:00,0,0
projects/project.js,574,js,1dd9d240,BaixiGuo,2025-11-07,00:52:00,-08:00,2025-11-07T00:52:00-08:00,0,0
projects/project.js,575,js,6f90ea5e,BaixiGuo,2025-11-06,12:25:46,-08:00,2025-11-06T12:25:46-08:00,0,28
projects/project.js,576,js,6f90ea5e,BaixiGuo,2025-11-06,12:25:46,-08:00,2025-11-06T12:25:46-08:00,1,19
projects/project.js,577,js,6f90ea5e,BaixiGuo,2025-11-06,12:25:46,-08:00,2025-11-06T12:25:46-08:00,1,56
projects/project.js,578,js,6f90ea5e,BaixiGuo,2025-11-06,12:25:46,-08:00,2025-11-06T12:25:46-08:00,1,65
projects/project.js,579,js,6f90ea5e,BaixiGuo,2025-11-06,12:25:46,-08:00,2025-11-06T12:25:46-08:00,1,42
projects/project.js,580,js,6f90ea5e,BaixiGuo,2025-11-06,12:25:46,-08:00,2025-11-06T12:25:46-08:00,2,44
projects/project.js,581,js,6f90ea5e,BaixiGuo,2025-11-06,12:25:46,-08:00,2025-11-06T12:25:46-08:00,1,24
projects/project.js,582,js,6f90ea5e,BaixiGuo,2025-11-06,12:25:46,-08:00,2025-11-06T12:25:46-08:00,2,14
projects/project.js,583,js,6f90ea5e,BaixiGuo,2025-11-06,12:25:46,-08:00,2025-11-06T12:25:46-08:00,2,22
projects/project.js,584,js,1dd9d240,BaixiGuo,2025-11-07,00:52:00,-08:00,2025-11-07T00:52:00-08:00,2,30
projects/project.js,585,js,6f90ea5e,BaixiGuo,2025-11-06,12:25:46,-08:00,2025-11-06T12:25:46-08:00,2,40
projects/project.js,586,js,6f90ea5e,BaixiGuo,2025-11-06,12:25:46,-08:00,2025-11-06T12:25:46-08:00,2,63
projects/project.js,587,js,6f90ea5e,BaixiGuo,2025-11-06,12:25:46,-08:00,2025-11-06T12:25:46-08:00,1,2
projects/project.js,588,js,837ba6e1,BaixiGuo,2025-11-05,12:57:56,-08:00,2025-11-05T12:57:56-08:00,0,0
projects/project.js,589,js,837ba6e1,BaixiGuo,2025-11-05,12:57:56,-08:00,2025-11-05T12:57:56-08:00,0,0
projects/project.js,590,js,837ba6e1,BaixiGuo,2025-11-05,12:57:56,-08:00,2025-11-05T12:57:56-08:00,0,27
projects/project.js,591,js,6f90ea5e,BaixiGuo,2025-11-06,12:25:46,-08:00,2025-11-06T12:25:46-08:00,0,22
projects/project.js,592,js,6f90ea5e,BaixiGuo,2025-11-06,12:25:46,-08:00,2025-11-06T12:25:46-08:00,1,15
projects/project.js,593,js,1dd9d240,BaixiGuo,2025-11-07,00:52:00,-08:00,2025-11-07T00:52:00-08:00,1,52
projects/project.js,594,js,6f90ea5e,BaixiGuo,2025-11-06,12:25:46,-08:00,2025-11-06T12:25:46-08:00,1,20
projects/project.js,595,js,1dd9d240,BaixiGuo,2025-11-07,00:52:00,-08:00,2025-11-07T00:52:00-08:00,1,44
projects/project.js,596,js,6f90ea5e,BaixiGuo,2025-11-06,12:25:46,-08:00,2025-11-06T12:25:46-08:00,1,29
projects/project.js,597,js,6f90ea5e,BaixiGuo,2025-11-06,12:25:46,-08:00,2025-11-06T12:25:46-08:00,1,20
projects/project.js,598,js,002a7133,BaixiGuo,2025-11-07,02:55:49,-08:00,2025-11-07T02:55:49-08:00,1,63
projects/project.js,599,js,002a7133,BaixiGuo,2025-11-07,02:55:49,-08:00,2025-11-07T02:55:49-08:00,1,18
projects/project.js,600,js,002a7133,BaixiGuo,2025-11-07,02:55:49,-08:00,2025-11-07T02:55:49-08:00,2,13
projects/project.js,601,js,002a7133,BaixiGuo,2025-11-07,02:55:49,-08:00,2025-11-07T02:55:49-08:00,2,13
projects/project.js,602,js,002a7133,BaixiGuo,2025-11-07,02:55:49,-08:00,2025-11-07T02:55:49-08:00,3,27
projects/project.js,603,js,002a7133,BaixiGuo,2025-11-07,02:55:49,-08:00,2025-11-07T02:55:49-08:00,3,28
projects/project.js,604,js,002a7133,BaixiGuo,2025-11-07,02:55:49,-08:00,2025-11-07T02:55:49-08:00,2,1
projects/project.js,605,js,002a7133,BaixiGuo,2025-11-07,02:55:49,-08:00,2025-11-07T02:55:49-08:00,0,0
projects/project.js,606,js,002a7133,BaixiGuo,2025-11-07,02:55:49,-08:00,2025-11-07T02:55:49-08:00,1,62
projects/project.js,607,js,002a7133,BaixiGuo,2025-11-07,02:55:49,-08:00,2025-11-07T02:55:49-08:00,1,55
projects/project.js,608,js,002a7133,BaixiGuo,2025-11-07,02:55:49,-08:00,2025-11-07T02:55:49-08:00,1,51
projects/project.js,609,js,002a7133,BaixiGuo,2025-11-07,02:55:49,-08:00,2025-11-07T02:55:49-08:00,1,49
projects/project.js,610,js,002a7133,BaixiGuo,2025-11-07,02:55:49,-08:00,2025-11-07T02:55:49-08:00,1,38
projects/project.js,611,js,002a7133,BaixiGuo,2025-11-07,02:55:49,-08:00,2025-11-07T02:55:49-08:00,0,0
projects/project.js,612,js,002a7133,BaixiGuo,2025-11-07,02:55:49,-08:00,2025-11-07T02:55:49-08:00,1,19
projects/project.js,613,js,002a7133,BaixiGuo,2025-11-07,02:55:49,-08:00,2025-11-07T02:55:49-08:00,1,39
projects/project.js,614,js,002a7133,BaixiGuo,2025-11-07,02:55:49,-08:00,2025-11-07T02:55:49-08:00,1,4
projects/project.js,615,js,1dd9d240,BaixiGuo,2025-11-07,00:52:00,-08:00,2025-11-07T00:52:00-08:00,0,0
projects/project.js,616,js,1dd9d240,BaixiGuo,2025-11-07,00:52:00,-08:00,2025-11-07T00:52:00-08:00,1,20
projects/project.js,617,js,1dd9d240,BaixiGuo,2025-11-07,00:52:00,-08:00,2025-11-07T00:52:00-08:00,1,18
projects/project.js,618,js,1dd9d240,BaixiGuo,2025-11-07,00:52:00,-08:00,2025-11-07T00:52:00-08:00,0,3
projects/project.js,619,js,1dd9d240,BaixiGuo,2025-11-07,00:52:00,-08:00,2025-11-07T00:52:00-08:00,0,0
projects/project.js,620,js,1dd9d240,BaixiGuo,2025-11-07,00:52:00,-08:00,2025-11-07T00:52:00-08:00,0,78
projects/project.js,621,js,1dd9d240,BaixiGuo,2025-11-07,00:52:00,-08:00,2025-11-07T00:52:00-08:00,0,101
projects/index.html,1,html,39574574,BaixiGuo,2025-09-30,22:25:01,-07:00,2025-09-30T22:25:01-07:00,0,13
projects/index.html,2,html,39574574,BaixiGuo,2025-09-30,22:25:01,-07:00,2025-09-30T22:25:01-07:00,0,14
projects/index.html,3,html,39574574,BaixiGuo,2025-09-30,22:25:01,-07:00,2025-09-30T22:25:01-07:00,0,4
projects/index.html,4,html,39574574,BaixiGuo,2025-09-30,22:25:01,-07:00,2025-09-30T22:25:01-07:00,2,20
projects/index.html,5,html,39574574,BaixiGuo,2025-09-30,22:25:01,-07:00,2025-09-30T22:25:01-07:00,2,68
projects/index.html,6,html,39574574,BaixiGuo,2025-09-30,22:25:01,-07:00,2025-09-30T22:25:01-07:00,2,23
projects/index.html,7,html,c7d705a8,BaixiGuo,2025-10-10,14:13:34,-07:00,2025-10-10T14:13:34-07:00,2,41
projects/index.html,8,html,a391b8ab,BaixiGuo,2025-10-17,11:14:07,-07:00,2025-10-17T11:14:07-07:00,2,48
projects/index.html,9,html,2e572ad9,BaixiGuo,2025-10-24,15:46:42,-07:00,2025-10-24T15:46:42-07:00,2,58
projects/index.html,10,html,39574574,BaixiGuo,2025-09-30,22:25:01,-07:00,2025-09-30T22:25:01-07:00,0,5
projects/index.html,11,html,39574574,BaixiGuo,2025-09-30,22:25:01,-07:00,2025-09-30T22:25:01-07:00,0,4
projects/index.html,12,html,9d7280b8,BaixiGuo,2025-10-10,11:58:33,-07:00,2025-10-10T11:58:33-07:00,2,14
projects/index.html,13,html,2e572ad9,BaixiGuo,2025-10-24,15:46:42,-07:00,2025-10-24T15:46:42-07:00,2,33
projects/index.html,14,html,9d7280b8,BaixiGuo,2025-10-10,11:58:33,-07:00,2025-10-10T11:58:33-07:00,0,0
projects/index.html,15,html,00b953dd,BaixiGuo,2025-10-31,14:41:22,-07:00,2025-10-31T14:41:22-07:00,2,31
projects/index.html,16,html,00b953dd,BaixiGuo,2025-10-31,14:41:22,-07:00,2025-10-31T14:41:22-07:00,2,20
projects/index.html,17,html,00b953dd,BaixiGuo,2025-10-31,14:41:22,-07:00,2025-10-31T14:41:22-07:00,4,12
projects/index.html,18,html,00b953dd,BaixiGuo,2025-10-31,14:41:22,-07:00,2025-10-31T14:41:22-07:00,4,59
projects/index.html,19,html,00b953dd,BaixiGuo,2025-10-31,14:41:22,-07:00,2025-10-31T14:41:22-07:00,4,14
projects/index.html,20,html,00b953dd,BaixiGuo,2025-10-31,14:41:22,-07:00,2025-10-31T14:41:22-07:00,4,23
projects/index.html,21,html,9d7280b8,BaixiGuo,2025-10-10,11:58:33,-07:00,2025-10-10T11:58:33-07:00,2,4
projects/index.html,22,html,00b953dd,BaixiGuo,2025-10-31,14:41:22,-07:00,2025-10-31T14:41:22-07:00,2,4
projects/index.html,23,html,00b953dd,BaixiGuo,2025-10-31,14:41:22,-07:00,2025-10-31T14:41:22-07:00,4,15
projects/index.html,24,html,00b953dd,BaixiGuo,2025-10-31,14:41:22,-07:00,2025-10-31T14:41:22-07:00,4,11
projects/index.html,25,html,00b953dd,BaixiGuo,2025-10-31,14:41:22,-07:00,2025-10-31T14:41:22-07:00,4,26
projects/index.html,26,html,00b953dd,BaixiGuo,2025-10-31,14:41:22,-07:00,2025-10-31T14:41:22-07:00,4,31
projects/index.html,27,html,00b953dd,BaixiGuo,2025-10-31,14:41:22,-07:00,2025-10-31T14:41:22-07:00,2,0
projects/index.html,28,html,00b953dd,BaixiGuo,2025-10-31,14:41:22,-07:00,2025-10-31T14:41:22-07:00,0,0
projects/index.html,29,html,00b953dd,BaixiGuo,2025-10-31,14:41:22,-07:00,2025-10-31T14:41:22-07:00,2,23
projects/index.html,30,html,00b953dd,BaixiGuo,2025-10-31,14:41:22,-07:00,2025-10-31T14:41:22-07:00,2,27
projects/index.html,31,html,9d7280b8,BaixiGuo,2025-10-10,11:58:33,-07:00,2025-10-10T11:58:33-07:00,0,0
projects/index.html,32,html,39574574,BaixiGuo,2025-09-30,22:25:01,-07:00,2025-09-30T22:25:01-07:00,0,5
projects/index.html,33,html,39574574,BaixiGuo,2025-09-30,22:25:01,-07:00,2025-09-30T22:25:01-07:00,0,5
contact/index.html,1,html,39574574,BaixiGuo,2025-09-30,22:25:01,-07:00,2025-09-30T22:25:01-07:00,0,13
contact/index.html,2,html,39574574,BaixiGuo,2025-09-30,22:25:01,-07:00,2025-09-30T22:25:01-07:00,0,14
contact/index.html,3,html,39574574,BaixiGuo,2025-09-30,22:25:01,-07:00,2025-09-30T22:25:01-07:00,0,4
contact/index.html,4,html,39574574,BaixiGuo,2025-09-30,22:25:01,-07:00,2025-09-30T22:25:01-07:00,2,20
contact/index.html,5,html,39574574,BaixiGuo,2025-09-30,22:25:01,-07:00,2025-09-30T22:25:01-07:00,2,68
contact/index.html,6,html,39574574,BaixiGuo,2025-09-30,22:25:01,-07:00,2025-09-30T22:25:01-07:00,2,22
contact/index.html,7,html,c7d705a8,BaixiGuo,2025-10-10,14:13:34,-07:00,2025-10-10T14:13:34-07:00,2,41
contact/index.html,8,html,a391b8ab,BaixiGuo,2025-10-17,11:14:07,-07:00,2025-10-17T11:14:07-07:00,2,54
contact/index.html,9,html,a391b8ab,BaixiGuo,2025-10-17,11:14:07,-07:00,2025-10-17T11:14:07-07:00,0,0
contact/index.html,10,html,39574574,BaixiGuo,2025-09-30,22:25:01,-07:00,2025-09-30T22:25:01-07:00,0,5
contact/index.html,11,html,39574574,BaixiGuo,2025-09-30,22:25:01,-07:00,2025-09-30T22:25:01-07:00,0,4
contact/index.html,12,html,9d7280b8,BaixiGuo,2025-10-10,11:58:33,-07:00,2025-10-10T11:58:33-07:00,2,14
contact/index.html,13,html,9d7280b8,BaixiGuo,2025-10-10,11:58:33,-07:00,2025-10-10T11:58:33-07:00,2,32
contact/index.html,14,html,39574574,BaixiGuo,2025-09-30,22:25:01,-07:00,2025-09-30T22:25:01-07:00,0,0
contact/index.html,15,html,39574574,BaixiGuo,2025-09-30,22:25:01,-07:00,2025-09-30T22:25:01-07:00,2,19
contact/index.html,16,html,a391b8ab,BaixiGuo,2025-10-17,11:14:07,-07:00,2025-10-17T11:14:07-07:00,2,136
contact/index.html,17,html,a391b8ab,BaixiGuo,2025-10-17,11:14:07,-07:00,2025-10-17T11:14:07-07:00,2,32
contact/index.html,18,html,9d7280b8,BaixiGuo,2025-10-10,11:58:33,-07:00,2025-10-10T11:58:33-07:00,4,23
contact/index.html,19,html,9d7280b8,BaixiGuo,2025-10-10,11:58:33,-07:00,2025-10-10T11:58:33-07:00,4,46
contact/index.html,20,html,39574574,BaixiGuo,2025-09-30,22:25:01,-07:00,2025-09-30T22:25:01-07:00,0,0
contact/index.html,21,html,9d7280b8,BaixiGuo,2025-10-10,11:58:33,-07:00,2025-10-10T11:58:33-07:00,4,20
contact/index.html,22,html,9d7280b8,BaixiGuo,2025-10-10,11:58:33,-07:00,2025-10-10T11:58:33-07:00,4,83
contact/index.html,23,html,39574574,BaixiGuo,2025-09-30,22:25:01,-07:00,2025-09-30T22:25:01-07:00,0,0
contact/index.html,24,html,39574574,BaixiGuo,2025-09-30,22:25:01,-07:00,2025-09-30T22:25:01-07:00,4,35
contact/index.html,25,html,39574574,BaixiGuo,2025-09-30,22:25:01,-07:00,2025-09-30T22:25:01-07:00,2,5
contact/index.html,26,html,39574574,BaixiGuo,2025-09-30,22:25:01,-07:00,2025-09-30T22:25:01-07:00,0,5
contact/index.html,27,html,39574574,BaixiGuo,2025-09-30,22:25:01,-07:00,2025-09-30T22:25:01-07:00,0,5
CV/index.html,1,html,9d7280b8,BaixiGuo,2025-10-10,11:58:33,-07:00,2025-10-10T11:58:33-07:00,0,13
CV/index.html,2,html,9d7280b8,BaixiGuo,2025-10-10,11:58:33,-07:00,2025-10-10T11:58:33-07:00,0,14
CV/index.html,3,html,9d7280b8,BaixiGuo,2025-10-10,11:58:33,-07:00,2025-10-10T11:58:33-07:00,0,4
CV/index.html,4,html,9d7280b8,BaixiGuo,2025-10-10,11:58:33,-07:00,2025-10-10T11:58:33-07:00,2,20
CV/index.html,5,html,9d7280b8,BaixiGuo,2025-10-10,11:58:33,-07:00,2025-10-10T11:58:33-07:00,2,68
CV/index.html,6,html,9d7280b8,BaixiGuo,2025-10-10,11:58:33,-07:00,2025-10-10T11:58:33-07:00,2,17
CV/index.html,7,html,c7d705a8,BaixiGuo,2025-10-10,14:13:34,-07:00,2025-10-10T14:13:34-07:00,2,41
CV/index.html,8,html,a391b8ab,BaixiGuo,2025-10-17,11:14:07,-07:00,2025-10-17T11:14:07-07:00,2,48
CV/index.html,9,html,9d7280b8,BaixiGuo,2025-10-10,11:58:33,-07:00,2025-10-10T11:58:33-07:00,0,5
CV/index.html,10,html,9d7280b8,BaixiGuo,2025-10-10,11:58:33,-07:00,2025-10-10T11:58:33-07:00,0,20
CV/index.html,11,html,9d7280b8,BaixiGuo,2025-10-10,11:58:33,-07:00,2025-10-10T11:58:33-07:00,2,14
CV/index.html,12,html,a391b8ab,BaixiGuo,2025-10-17,11:14:07,-07:00,2025-10-17T11:14:07-07:00,2,27
CV/index.html,13,html,9d7280b8,BaixiGuo,2025-10-10,11:58:33,-07:00,2025-10-10T11:58:33-07:00,0,0
CV/index.html,14,html,9d7280b8,BaixiGuo,2025-10-10,11:58:33,-07:00,2025-10-10T11:58:33-07:00,2,17
CV/index.html,15,html,a391b8ab,BaixiGuo,2025-10-17,11:14:07,-07:00,2025-10-17T11:14:07-07:00,2,116
CV/index.html,16,html,9d7280b8,BaixiGuo,2025-10-10,11:58:33,-07:00,2025-10-10T11:58:33-07:00,0,5
CV/index.html,17,html,9d7280b8,BaixiGuo,2025-10-10,11:58:33,-07:00,2025-10-10T11:58:33-07:00,0,5
